//
// bg
// Data size = 19279 bytes
//
// PNG, Compression=Flate, Size: 160 x 128, 32-Bpp
//
// for non-Arduino builds...
#ifndef PROGMEM
#define PROGMEM
#endif
const uint8_t bg[] PROGMEM = {
	0x89,0x50,0x4e,0x47,0x0d,0x0a,0x1a,0x0a,0x00,0x00,0x00,0x0d,0x49,0x48,0x44,0x52,
	0x00,0x00,0x00,0xa0,0x00,0x00,0x00,0x80,0x08,0x06,0x00,0x00,0x00,0x8c,0x63,0x62,
	0x1b,0x00,0x00,0x00,0x01,0x73,0x52,0x47,0x42,0x00,0xae,0xce,0x1c,0xe9,0x00,0x00,
	0x00,0x04,0x67,0x41,0x4d,0x41,0x00,0x00,0xb1,0x8f,0x0b,0xfc,0x61,0x05,0x00,0x00,
	0x00,0x09,0x70,0x48,0x59,0x73,0x00,0x00,0x0e,0xc3,0x00,0x00,0x0e,0xc3,0x01,0xc7,
	0x6f,0xa8,0x64,0x00,0x00,0x4a,0xe4,0x49,0x44,0x41,0x54,0x78,0x5e,0xed,0x9d,0x7b,
	0xac,0x65,0x65,0x79,0xff,0xbf,0x6b,0xad,0x7d,0x3f,0x37,0x98,0x39,0x73,0x80,0x71,
	0x90,0x81,0x0c,0x28,0x68,0x2d,0x8e,0x80,0x31,0x4d,0xbd,0x50,0x15,0x1b,0x49,0x1b,
	0x25,0x2a,0xa4,0x10,0xea,0x3d,0xb6,0xa2,0xd6,0xd0,0x5a,0x4c,0x5b,0xa6,0xde,0x5a,
	0xad,0x1a,0xad,0x89,0xa6,0x69,0xe3,0x2d,0xda,0xaa,0x55,0x53,0x8a,0xbd,0x98,0xd8,
	0x29,0xa2,0xa2,0xad,0x05,0x45,0x6c,0x11,0x04,0x64,0x06,0x66,0xc6,0x19,0x66,0xe6,
	0x9c,0x39,0xb7,0x7d,0x59,0x7b,0xad,0xf5,0xfb,0xe3,0xbc,0x9f,0xc5,0xf7,0xbc,0x6e,
	0x6c,0x7f,0xfd,0xd9,0x26,0xfe,0xe4,0x49,0x56,0xf6,0xde,0x6b,0xbd,0xef,0x73,0xf9,
	0x3e,0xcf,0xfb,0xbc,0x97,0xf5,0xae,0xb5,0x93,0xc7,0x3c,0xe6,0x31,0x55,0xa3,0xd1,
	0x50,0x55,0x55,0x6a,0xb5,0x5a,0x1a,0x0c,0x06,0x1a,0x8f,0xc7,0x4a,0x92,0x44,0x65,
	0x59,0xaa,0xaa,0xaa,0xfa,0x7b,0x92,0x24,0x4a,0x92,0x44,0x8d,0x46,0x43,0x45,0x51,
	0x28,0x4d,0x53,0xa5,0x69,0xaa,0xa9,0xa9,0x29,0x2d,0x2f,0x2f,0x2b,0x49,0x12,0x41,
	0x45,0x51,0xa8,0xaa,0x2a,0x49,0xaa,0xeb,0xf1,0x3b,0xcb,0x32,0x65,0x59,0xa6,0x34,
	0x4d,0x55,0x96,0xa5,0x8a,0xa2,0x50,0x96,0x65,0xaa,0xaa,0xaa,0x96,0x43,0x3d,0xff,
	0xe4,0x3b,0xe5,0xd2,0x34,0xad,0x79,0x17,0x45,0xa1,0xb2,0x2c,0x25,0xa9,0xfe,0x4c,
	0xd3,0x74,0x93,0x9c,0xaa,0xaa,0x6a,0x7b,0xd2,0x34,0xd5,0x78,0x3c,0xae,0x79,0xb6,
	0x5a,0x2d,0x55,0x55,0xa5,0xf1,0x78,0x5c,0xdb,0x96,0x65,0xd9,0xa6,0x32,0x92,0x54,
	0x55,0x55,0x2d,0xb7,0xd1,0x68,0x68,0x3c,0x1e,0x6b,0x7a,0x7a,0x5a,0xeb,0xeb,0xeb,
	0xf5,0xf5,0x46,0xa3,0xa1,0xd1,0x68,0x54,0xd7,0x03,0x4f,0xea,0xa1,0x5b,0x55,0x55,
	0xb5,0xed,0x45,0x51,0x6c,0xc2,0x88,0xba,0x79,0x9e,0xd7,0x75,0x1d,0x1b,0xb7,0xa3,
	0xaa,0x2a,0x65,0x59,0x56,0xdb,0xc8,0x39,0xe4,0xc1,0xdb,0xeb,0x4b,0x52,0xb7,0xdb,
	0xd5,0xfa,0xfa,0xba,0x1a,0x8d,0x86,0x5a,0xad,0x96,0xc6,0xe3,0xb1,0xf2,0x3c,0xaf,
	0xaf,0xa3,0x4b,0x51,0x14,0x6a,0x34,0x1a,0x4a,0xd3,0xb4,0xc6,0x06,0x7e,0x0a,0x78,
	0xbb,0x4c,0x7e,0xc7,0x3e,0x6a,0xb5,0x5a,0xea,0x76,0xbb,0x2a,0x8a,0xa2,0xae,0x97,
	0xcd,0xcd,0xcd,0xed,0xa1,0x40,0x9e,0xe7,0xca,0xb2,0xac,0x56,0xa0,0xd9,0x6c,0xaa,
	0xd1,0x68,0xd4,0x0c,0x70,0x4a,0x59,0x96,0x35,0x68,0x04,0x4e,0xaf,0xd7,0xab,0xeb,
	0x51,0x1e,0x05,0xfc,0x1c,0x01,0xe1,0x40,0x2b,0x18,0x8b,0x01,0xfe,0x1b,0x02,0x38,
	0xe4,0xf3,0x1b,0x10,0xa8,0x33,0x1e,0x8f,0x95,0x65,0x59,0x7d,0x3d,0x09,0x4e,0xad,
	0x42,0x60,0xe0,0x38,0xce,0x37,0x9b,0x4d,0x55,0x21,0xa0,0x09,0x36,0x0f,0x56,0x74,
	0x4a,0xd3,0x54,0xad,0x56,0xab,0x76,0x40,0x51,0x14,0x75,0x5d,0x77,0x1a,0x41,0x89,
	0xee,0x8e,0x5f,0x96,0x65,0x75,0xd9,0x58,0x27,0xce,0x21,0xdf,0x7f,0x63,0x0f,0xba,
	0xf0,0xdd,0x7d,0x82,0xbd,0xcd,0x66,0xb3,0x96,0x47,0x59,0x3e,0xe1,0x85,0x3d,0xfc,
	0x26,0xf8,0x9c,0x0f,0xb2,0xca,0xb2,0x54,0xa3,0xd1,0xa8,0xcf,0x11,0x1f,0xc8,0x2f,
	0x8a,0x42,0xad,0x56,0xab,0x3e,0x1f,0xd7,0x27,0xa8,0x89,0x13,0xb0,0xab,0x42,0xc2,
	0xcb,0xe6,0xe6,0xe6,0xf6,0x00,0x12,0x8a,0xd2,0x62,0x14,0x5a,0x2a,0x8a,0x70,0x4d,
	0x01,0xa4,0xb8,0x8e,0x02,0xe0,0x69,0x9a,0x6a,0x34,0x1a,0xd5,0x40,0xc0,0x9f,0x7a,
	0x18,0x9a,0x86,0x40,0x4c,0x22,0x40,0x01,0xde,0x89,0xa0,0xf0,0xdf,0x5e,0x16,0xe3,
	0x2a,0x0b,0x5c,0x80,0x73,0x4a,0xd3,0x54,0x9d,0x4e,0x47,0xa3,0xd1,0xa8,0x0e,0x16,
	0x32,0xba,0x97,0xc1,0xa6,0x2c,0x64,0xc1,0x24,0x64,0x32,0xf8,0xd3,0x00,0xc7,0xe3,
	0x71,0x1d,0x30,0x94,0x41,0x57,0x7e,0x63,0x9f,0x42,0x36,0x71,0x27,0x96,0xa1,0x07,
	0xe0,0xba,0x37,0x5a,0xca,0x70,0x90,0x89,0xdc,0x37,0x7c,0x87,0x5c,0x16,0xbf,0x29,
	0x43,0x10,0x28,0xe8,0xc1,0x35,0xea,0xa0,0x4b,0xb3,0xd9,0xdc,0xd4,0xb0,0xe1,0x43,
	0x1d,0x6c,0x8b,0xed,0x86,0x07,0x3c,0x9b,0xcd,0x66,0x7d,0x9d,0x83,0x8c,0x9b,0x65,
	0x99,0xd6,0xd6,0xd6,0x36,0x02,0xd0,0x41,0x49,0x42,0x4b,0x45,0x69,0x18,0xba,0xa0,
	0x56,0xab,0xa5,0x46,0xa3,0xa1,0x66,0xb3,0x59,0x83,0x85,0x13,0x11,0xd4,0x68,0x34,
	0xd4,0x6e,0xb7,0x6b,0xd0,0xca,0xb2,0xac,0x79,0x39,0xd8,0xb2,0x20,0xc7,0x00,0x9c,
	0xe0,0x8e,0xf0,0xeb,0xe8,0x02,0x10,0xee,0x88,0x2a,0x04,0x07,0xe7,0x92,0x00,0x1c,
	0x99,0x86,0x40,0x73,0x30,0x09,0x80,0x34,0x64,0x13,0x77,0xb4,0xeb,0x41,0x1d,0x78,
	0x51,0x1f,0x59,0x64,0x50,0xce,0xc5,0x01,0xe2,0x01,0x00,0xc6,0x60,0x12,0x67,0x1f,
	0xe7,0xa3,0x1f,0x13,0x58,0x71,0x59,0x70,0xa2,0x0c,0x8d,0x01,0x5c,0xdd,0xcf,0x69,
	0xc8,0x46,0xb1,0xde,0xee,0x17,0xce,0x17,0x21,0xf3,0xbb,0x6c,0x08,0x3c,0xa8,0xe3,
	0x09,0x06,0x79,0x60,0xd7,0x6e,0xb7,0xeb,0x72,0xc3,0xe1,0x50,0xc9,0x8e,0x1d,0x3b,
	0x2a,0x84,0x70,0x11,0x85,0x65,0x29,0x15,0x27,0x25,0xc1,0x01,0xae,0x1c,0xd1,0x4f,
	0x59,0x40,0x60,0x1c,0xc4,0x39,0x94,0xc0,0x48,0x00,0x73,0x59,0x89,0x65,0x53,0x27,
	0xca,0x21,0x87,0x4f,0x64,0xf9,0x39,0x80,0x87,0x27,0xb2,0xf9,0x5d,0x84,0x56,0x2e,
	0x0b,0xd8,0xd1,0x68,0xa4,0xca,0xb2,0x27,0xe7,0xd1,0x71,0x3c,0x1e,0x6f,0x72,0x40,
	0x59,0x96,0xca,0xf3,0x5c,0x55,0xe8,0xc6,0xd1,0x2f,0xb6,0x4f,0x51,0x97,0x5a,0x96,
	0x65,0xdd,0xe5,0xc1,0xbb,0xb2,0x40,0x8b,0x03,0x05,0x42,0x37,0x78,0xc9,0x82,0x92,
	0x8c,0x05,0x0f,0xec,0xc5,0x1f,0x9c,0x73,0x1f,0xc1,0x07,0x79,0xa9,0x75,0xed,0x94,
	0xc7,0x1e,0xca,0xf9,0x75,0x1a,0x2a,0xba,0x3b,0xde,0xd4,0xe1,0x3c,0xf6,0xb8,0x7f,
	0xda,0xed,0x36,0x72,0x1f,0xce,0x32,0x54,0xf4,0x31,0x0d,0x60,0x03,0xec,0x78,0x3c,
	0xd6,0x68,0x34,0xd2,0x68,0x34,0x52,0x51,0x14,0xca,0xf3,0xbc,0x1e,0x77,0xa4,0x69,
	0xaa,0x46,0xa3,0xa1,0xb5,0xb5,0xb5,0xda,0x81,0x28,0xed,0x80,0xb8,0x82,0x10,0x8a,
	0xc2,0x07,0xe7,0x67,0x59,0x56,0x77,0xa5,0x80,0x44,0x8b,0xa3,0xbc,0x1f,0xde,0x15,
	0x60,0xf0,0x38,0x8c,0x6f,0x26,0x39,0xa1,0xb4,0xb1,0x1f,0xe7,0x15,0x4d,0x94,0x08,
	0x16,0xb0,0x20,0x1b,0xec,0xd8,0xb1,0x43,0x2f,0x7c,0xe1,0x0b,0x35,0x3b,0x3b,0x5b,
	0xeb,0x47,0xe3,0xf4,0x80,0xc1,0x4e,0xbe,0xd3,0x18,0x70,0x1a,0x59,0x08,0x8c,0x3a,
	0x9d,0x4e,0x6d,0x0f,0x81,0x88,0xde,0xe8,0x45,0x03,0xf2,0x40,0x50,0x14,0x00,0x6e,
	0x27,0x3a,0x63,0x07,0xe7,0xc9,0xf4,0xc9,0x23,0x64,0x73,0xf0,0x74,0x5f,0xc9,0xf4,
	0x71,0x79,0xe3,0x30,0xfc,0x40,0x1e,0x0d,0xd4,0xf9,0x71,0x1d,0xdc,0x53,0x05,0x23,
	0x18,0x50,0xa3,0x28,0x04,0x48,0x59,0x96,0x69,0x38,0x1c,0xd6,0xe7,0xf3,0x3c,0xd7,
	0xfa,0xfa,0xba,0xd2,0x90,0x4a,0xbb,0xdd,0xae,0x5a,0xad,0x96,0x24,0xa9,0xd5,0x6a,
	0x6d,0x02,0x90,0x0c,0x81,0x83,0x5c,0x1e,0x4a,0x66,0x61,0x30,0x9c,0x58,0x06,0x01,
	0x7c,0x82,0x1d,0x90,0xcb,0x68,0xfc,0x09,0x25,0x61,0xdc,0xe1,0xc0,0x14,0xa1,0x3b,
	0x1d,0x8d,0x46,0xb5,0xe1,0x0c,0x09,0xa8,0xc3,0x27,0x07,0xfc,0xfd,0x90,0x65,0x45,
	0x06,0xdd,0x0f,0x3e,0xf8,0xa0,0xca,0xb2,0xd4,0xda,0xda,0x9a,0x92,0xa8,0xa1,0x79,
	0x86,0xe5,0x1a,0xba,0xe1,0x74,0x05,0xa7,0x79,0xc0,0x56,0xd6,0xa3,0xe0,0xd0,0xc4,
	0x02,0x91,0x00,0x04,0x43,0x64,0x35,0x9b,0x4d,0x65,0x96,0xb1,0x1d,0x73,0xcf,0xd0,
	0xe8,0xc4,0xa7,0xeb,0x87,0x6e,0xf4,0x10,0x7e,0xdd,0x31,0x71,0xfc,0x14,0x1a,0x90,
	0xcb,0xa9,0x2c,0x90,0x29,0xd7,0x6e,0xb7,0xeb,0xba,0x5e,0x26,0x45,0x08,0xc6,0x21,
	0xc8,0x05,0xc8,0x5a,0x6f,0x19,0x22,0x17,0xc5,0xd6,0xd7,0xd7,0xeb,0x68,0x8f,0xa3,
	0x9c,0x4c,0xe9,0x01,0xe4,0x9f,0x65,0x34,0x21,0x21,0x0b,0xa4,0xa1,0x01,0x20,0x07,
	0xb0,0x1b,0x8d,0xc6,0xa6,0x6c,0x88,0x53,0x30,0x4e,0x01,0x54,0x02,0x24,0x09,0x53,
	0x7f,0x82,0x10,0x67,0xe1,0x18,0xe4,0xa3,0x0f,0x8e,0x00,0x07,0x6c,0x25,0x23,0x51,
	0x1e,0x1b,0xcf,0x38,0xe3,0x0c,0x2d,0x2e,0x2e,0x06,0x84,0x36,0x82,0x38,0x0b,0x19,
	0xbb,0x2c,0x4b,0x75,0x3a,0x9d,0x5a,0x1e,0xc1,0x82,0xbc,0xd4,0x1a,0xa3,0xc2,0x38,
	0x8a,0x20,0x02,0x23,0x70,0x70,0xff,0x60,0x77,0x23,0x2c,0x9d,0xb8,0x4c,0x70,0xc4,
	0x57,0xad,0x56,0xab,0xf6,0x0b,0xc7,0x70,0x38,0xac,0x87,0x5a,0xc8,0x92,0xa4,0xa9,
	0xa9,0x29,0xb5,0xdb,0xed,0xda,0x87,0x5c,0x07,0x0b,0x64,0x83,0x33,0x41,0x44,0x39,
	0xb0,0x92,0x8d,0x09,0xc1,0xd9,0xf1,0x55,0xb0,0x27,0x0d,0x3d,0x41,0x36,0x3b,0x3b,
	0xbb,0x47,0x96,0x3d,0x68,0x91,0x38,0x63,0x34,0x1a,0xd5,0x4e,0xe4,0x1c,0x0c,0x3c,
	0x70,0x14,0x96,0x00,0x3c,0x08,0xdd,0x69,0x7c,0x87,0x07,0xe7,0x8b,0x68,0x1d,0x4c,
	0xa1,0x45,0x61,0x08,0xbf,0x71,0x86,0x03,0x01,0xc8,0xe8,0x84,0x6c,0x9c,0x80,0x5d,
	0x80,0xd0,0x6c,0x36,0x55,0x14,0x45,0xcd,0xdf,0x6d,0xa2,0x0c,0xc0,0x24,0x49,0xa2,
	0x33,0xcf,0x3c,0x53,0xef,0x7f,0xff,0xfb,0xf5,0x95,0xaf,0x7c,0x45,0xd7,0x5e,0x7b,
	0xad,0xb6,0x6c,0xd9,0xa2,0x43,0x87,0x0e,0xa9,0x28,0x0a,0xcd,0xcd,0xcd,0xe9,0xf0,
	0xe1,0xc3,0x3a,0x74,0xe8,0x90,0x7e,0xf9,0x97,0x7f,0x59,0xfb,0xf6,0xed,0xd3,0xec,
	0xec,0xac,0x1e,0xf7,0xb8,0xc7,0x49,0x92,0x66,0x66,0x66,0xb4,0x73,0xe7,0x4e,0x2d,
	0x2d,0x2d,0xa9,0xb2,0xe5,0x0b,0xb0,0x20,0xc8,0x3c,0x68,0x5c,0x57,0x82,0x28,0x09,
	0x59,0x87,0x32,0x7c,0x52,0x26,0x49,0x12,0x75,0xbb,0x5d,0xe5,0x79,0x5e,0xff,0xc6,
	0xce,0x71,0x18,0x7a,0xb8,0xdc,0x34,0xf4,0x58,0x64,0x22,0xf0,0xf2,0xee,0x12,0xdc,
	0xcb,0xb2,0x54,0x33,0x64,0xf2,0xd4,0x26,0x68,0xae,0xb7,0xac,0x67,0xc0,0xa7,0xe0,
	0x08,0x51,0x96,0x80,0xae,0xaa,0x4a,0xdd,0x6e,0x77,0x83,0xcf,0x63,0x1f,0xfb,0xd8,
	0x0a,0x07,0x92,0x7e,0x61,0x90,0x84,0xa0,0x19,0x8d,0x46,0xea,0x74,0x3a,0x1a,0x0c,
	0x06,0xb5,0xf0,0xc4,0xa2,0xb9,0x28,0x0a,0x6d,0xdb,0xb6,0x4d,0x27,0x4e,0x9c,0xa8,
	0x85,0x61,0x90,0x2b,0x90,0x4c,0x18,0xe4,0xc2,0x8f,0x4f,0x5f,0x22,0xa9,0x42,0x03,
	0x48,0x43,0x06,0x91,0xa4,0x4e,0xa7,0x53,0x03,0x9b,0x86,0xe5,0x1e,0x59,0x37,0x0d,
	0x10,0xcd,0x30,0x30,0xf7,0x40,0x67,0xf0,0x8f,0xa3,0x08,0xde,0xe1,0x70,0x58,0xdb,
	0x43,0xdd,0x2b,0xae,0xb8,0x42,0x47,0x8e,0x1c,0xd1,0x4d,0x37,0xdd,0xa4,0xb2,0x2c,
	0xd5,0xed,0x76,0x95,0x24,0x89,0xd6,0xd6,0xd6,0x34,0x35,0x35,0xa5,0x7e,0xbf,0xaf,
	0x2c,0x2c,0xd1,0x1c,0x3d,0x7a,0x54,0x7f,0xfe,0xe7,0x7f,0xae,0x3f,0xf8,0x83,0x3f,
	0xd0,0x70,0x38,0xac,0xe5,0x34,0x9b,0x4d,0xcd,0xcf,0xcf,0xab,0xdf,0xef,0xd7,0x81,
	0x88,0x23,0x18,0xce,0xb8,0xf3,0x70,0x5a,0x9e,0xe7,0xb5,0xfd,0xe8,0x25,0xcb,0x34,
	0x64,0x55,0xb7,0xb3,0xd3,0xe9,0xd4,0xbe,0x58,0x5f,0x5f,0xaf,0xcb,0xd2,0xe0,0x1a,
	0x61,0xc9,0x09,0xdc,0xf2,0x3c,0x57,0x1a,0xb2,0x30,0x7a,0xd0,0xf0,0x52,0x6b,0x8c,
	0x95,0x0d,0x0d,0xd2,0x90,0x6c,0x08,0x70,0xd9,0x10,0x06,0x39,0x9c,0xe3,0xc0,0x47,
	0x60,0x9d,0x84,0x8c,0xbd,0x65,0xcb,0x96,0x0d,0x7f,0xcd,0xcc,0xcc,0xec,0x51,0xb4,
	0x60,0x4a,0xea,0xa6,0x55,0x91,0xd9,0x68,0x45,0x95,0xb5,0x50,0x9c,0x83,0xb2,0x74,
	0x3f,0x38,0x19,0x50,0x3d,0xc8,0x2a,0x0b,0x42,0x07,0xb8,0xdd,0x6e,0xd7,0x65,0x30,
	0xd6,0x8d,0x69,0xb5,0x5a,0x1a,0x0e,0x87,0x35,0xb8,0x04,0x6a,0x11,0x32,0x64,0xa7,
	0xd3,0x51,0x16,0x5a,0x7c,0x9a,0xa6,0xf5,0x4c,0xcb,0xc1,0xe0,0x3b,0x80,0x93,0xdd,
	0x01,0x2f,0xcb,0x32,0xcd,0xcf,0xcf,0x6b,0xc7,0x8e,0x1d,0xfa,0xc2,0x17,0xbe,0xa0,
	0x4e,0xa7,0x53,0xf3,0x5d,0x5f,0x5f,0xaf,0x03,0x06,0xbc,0x24,0x69,0xe7,0xce,0x9d,
	0xba,0xe5,0x96,0x5b,0xb4,0xb4,0xb4,0x54,0xdb,0x92,0x84,0x85,0xfd,0x7e,0xbf,0xaf,
	0xc7,0x3f,0xfe,0xf1,0x3a,0x74,0xe8,0x90,0x12,0x1b,0x03,0xf9,0x44,0x8f,0xf2,0x38,
	0x9a,0xa0,0x40,0x67,0xec,0xa3,0x0c,0x0d,0xca,0x1b,0xdc,0x68,0x34,0xd2,0x38,0x4c,
	0x10,0xc1,0xae,0xb4,0x4c,0x89,0x7d,0xb2,0x71,0x3d,0x81,0x84,0x5c,0x27,0x64,0x39,
	0x8f,0x2a,0x04,0x21,0xf5,0xf1,0x95,0x2c,0xc3,0x52,0x97,0xdf,0x9e,0x85,0xb1,0xab,
	0xd9,0x6c,0x6a,0x30,0x18,0x6c,0xc4,0x90,0xc2,0xa4,0x41,0xa1,0xe5,0x65,0xa1,0x75,
	0x8e,0x6c,0x59,0x82,0x40,0x90,0x8d,0x05,0xf9,0xcd,0x5a,0x5f,0xbf,0xdf,0xaf,0x41,
	0xf1,0xe0,0x43,0x59,0xd9,0xb8,0x01,0x83,0xe0,0x45,0xab,0x44,0x26,0x00,0xbb,0x41,
	0x80,0x88,0x31,0x00,0x82,0x23,0x8b,0xd0,0xe5,0x78,0x57,0x52,0x84,0xc1,0x34,0x8d,
	0x00,0x1e,0x80,0xee,0x0d,0x2b,0xb5,0xe5,0x96,0x77,0xbd,0xeb,0x5d,0xfa,0xe0,0x07,
	0x3f,0x58,0x3b,0xe5,0xea,0xab,0xaf,0x56,0xaf,0xd7,0x53,0xa7,0xd3,0xa9,0x83,0xba,
	0x2c,0x4b,0x4d,0x4f,0x4f,0xab,0xd7,0xeb,0x69,0x71,0x71,0x51,0xc7,0x8f,0x1f,0x57,
	0x19,0x26,0x24,0x4f,0x7d,0xea,0x53,0xf5,0xe6,0x37,0xbf,0x59,0xcd,0x66,0x53,0xc3,
	0xe1,0x50,0x7b,0xf7,0xee,0xd5,0xef,0xff,0xfe,0xef,0x2b,0x0b,0x77,0x42,0x98,0xbc,
	0xb5,0xdb,0xed,0x1a,0x23,0xf4,0x46,0x26,0x32,0x1a,0x61,0xac,0xd7,0x08,0xeb,0xaa,
	0x92,0x34,0x1c,0x0e,0xeb,0xb2,0x64,0xfe,0xa2,0x28,0xea,0xef,0xfd,0x7e,0x5f,0x63,
	0x5b,0x0d,0xc0,0x07,0xe0,0x40,0x5d,0xb0,0xe3,0x37,0xf6,0x6b,0x42,0x16,0xa3,0xae,
	0x93,0xc7,0x01,0x3e,0xa7,0xbc,0x6c,0xac,0x07,0xe5,0x79,0x5e,0xeb,0x9a,0x30,0xf4,
	0xa9,0xaa,0x4a,0xfd,0x7e,0xbf,0x66,0x94,0x86,0xb4,0xbc,0xb0,0xb0,0xa0,0x24,0x64,
	0x1d,0x6f,0x91,0xed,0x76,0x5b,0x8d,0x30,0x78,0x86,0x39,0xd7,0x69,0x8d,0x18,0x5e,
	0x85,0xd6,0x9c,0xd8,0xf2,0x08,0x8a,0x29,0x4c,0x32,0x46,0xa3,0x51,0xdd,0x1d,0xe0,
	0x20,0xba,0x55,0x0f,0x0c,0x0f,0xc0,0xe1,0x70,0xa8,0x71,0x18,0xab,0x02,0x3c,0x80,
	0xd2,0x25,0x11,0x8c,0x64,0x71,0x0f,0x3c,0x74,0xa3,0x25,0xe2,0x88,0x3c,0xcf,0x75,
	0xf9,0xe5,0x97,0xeb,0xe5,0x2f,0x7f,0xb9,0xe6,0xe6,0xe6,0x94,0x65,0x99,0x9e,0xf3,
	0x9c,0xe7,0xe8,0xbb,0xdf,0xfd,0xae,0x8e,0x1f,0x3f,0xae,0x2d,0x5b,0xb6,0x68,0x7a,
	0x7a,0x5a,0x59,0x96,0x69,0x76,0x76,0x56,0x4b,0x4b,0x4b,0xda,0xbe,0x7d,0xbb,0xae,
	0xba,0xea,0x2a,0xe5,0x79,0xae,0x76,0xbb,0xad,0x57,0xbe,0xf2,0x95,0xfa,0xa7,0x7f,
	0xfa,0x27,0x2d,0x2c,0x2c,0xe8,0x2d,0x6f,0x79,0x4b,0xad,0xef,0x07,0x3e,0xf0,0x01,
	0xed,0xdc,0xb9,0xb3,0x0e,0x06,0xd7,0x09,0x9c,0x71,0x28,0x81,0x47,0x6f,0x02,0x76,
	0xe0,0x82,0xdd,0x10,0xd9,0x4e,0x86,0x2d,0x32,0x08,0x82,0xc4,0xc6,0x76,0x64,0xe1,
	0x86,0x2d,0x20,0x23,0xd7,0x1b,0x2c,0x58,0xc9,0x7c,0x21,0x0b,0x3c,0x82,0xa8,0xb2,
	0xc9,0x25,0xe7,0x4b,0x4b,0x30,0xd8,0x30,0x0e,0x93,0x4c,0x92,0x95,0xa4,0x8d,0x00,
	0x54,0xc8,0x20,0xf4,0xd3,0x69,0x9a,0x6a,0x75,0x75,0x55,0xed,0x76,0x5b,0x59,0x98,
	0x81,0x02,0x10,0x8a,0x61,0x08,0xc2,0x10,0xdc,0x6c,0x36,0x6b,0x27,0x01,0x14,0xd7,
	0x51,0x2a,0xb1,0xe5,0x11,0x8c,0x61,0x4c,0x44,0xb7,0x80,0x71,0xa9,0xad,0xdd,0xc1,
	0x8b,0x6e,0x93,0x16,0x85,0xfe,0x49,0x92,0xd4,0x5d,0x10,0x33,0xd0,0x2c,0x2c,0x32,
	0x03,0x10,0x2d,0x7c,0x1c,0x66,0xb7,0xe7,0x9e,0x7b,0xee,0x26,0x10,0xcf,0x3e,0xfb,
	0x6c,0x0d,0x87,0x43,0x9d,0x73,0xce,0x39,0x2a,0xcb,0x52,0x9f,0xff,0xfc,0xe7,0xb5,
	0x77,0xef,0x5e,0x8d,0xc3,0xd8,0x27,0xcb,0xb2,0x3a,0xe3,0x2d,0x2c,0x2c,0x68,0xd7,
	0xae,0x5d,0xfa,0xe0,0x07,0x3f,0xa8,0xe9,0xe9,0xe9,0x4d,0x63,0xe4,0x5f,0xff,0xf5,
	0x5f,0xd7,0xb5,0xd7,0x5e,0xab,0xb2,0x2c,0x75,0xcd,0x35,0xd7,0x68,0x69,0x69,0x49,
	0xd7,0x5f,0x7f,0xbd,0x96,0x97,0x97,0xeb,0x32,0x67,0x9c,0x71,0x86,0x64,0xce,0x47,
	0x0f,0x74,0xc1,0x71,0x65,0x59,0x6a,0x38,0x1c,0xd6,0x8d,0x09,0xac,0x69,0x60,0xd8,
	0x8f,0x83,0xc1,0x1d,0x3f,0xc1,0xdb,0x1b,0x5a,0x6a,0xe3,0x67,0xe4,0x55,0x36,0xb1,
	0x29,0x27,0x04,0x74,0x62,0xe3,0x7e,0x88,0x1e,0x89,0xf3,0x95,0xdd,0xdf,0x4e,0x6d,
	0x18,0x95,0xda,0x1a,0x64,0x96,0x65,0x75,0x22,0x4b,0xb9,0x28,0x4b,0xa3,0x75,0x74,
	0x5a,0x8a,0xa5,0x2b,0xf0,0x20,0xa4,0x85,0x52,0x87,0x63,0x30,0x18,0xa8,0xb0,0x8d,
	0x0a,0x1e,0xa8,0xc8,0x41,0x49,0xe4,0x7b,0x50,0x25,0x21,0x63,0xa2,0x07,0xe5,0x90,
	0x33,0x1c,0x0e,0x6b,0x3d,0x30,0x0c,0x7e,0xf0,0xe8,0xf7,0xfb,0x1a,0x8d,0x46,0xb5,
	0x0e,0x10,0x7a,0x24,0x49,0xa2,0x6b,0xaf,0xbd,0x56,0x97,0x5d,0x76,0x59,0x2d,0xe3,
	0x33,0x9f,0xf9,0x8c,0xde,0xf1,0x8e,0x77,0xa8,0xaa,0x2a,0x0d,0x06,0x03,0xed,0xdc,
	0xb9,0x53,0x53,0x53,0x53,0x6a,0x34,0x1a,0xfa,0xcd,0xdf,0xfc,0x4d,0xdd,0x73,0xcf,
	0x3d,0x5a,0x5d,0x5d,0xd5,0xf4,0xf4,0xb4,0x24,0xa9,0xdf,0xef,0xeb,0x86,0x1b,0x6e,
	0xd0,0x60,0x30,0xd0,0xcb,0x5f,0xfe,0x72,0x25,0x49,0xa2,0x8f,0x7e,0xf4,0xa3,0x7a,
	0xf2,0x93,0x9f,0xac,0x4e,0xa7,0xa3,0xa2,0x28,0xf4,0xab,0xbf,0xfa,0xab,0xfa,0xb3,
	0x3f,0xfb,0x33,0xa5,0x69,0xaa,0xcb,0x2f,0xbf,0x5c,0xb7,0xdd,0x76,0x9b,0x16,0x17,
	0x17,0xd5,0x6c,0x36,0xf5,0xc6,0x37,0xbe,0x51,0xaf,0x7d,0xed,0x6b,0xeb,0x2e,0x55,
	0x21,0x38,0xf2,0x3c,0xd7,0x60,0x30,0xa8,0x71,0x40,0x6f,0xc8,0x71,0x2a,0x43,0xf7,
	0x0d,0x56,0xd8,0xeb,0xbe,0xcb,0xa2,0x75,0x43,0x02,0x03,0xbe,0x60,0x98,0xd9,0x12,
	0x12,0xe7,0x08,0xde,0xc1,0x60,0xa0,0xd9,0xd9,0x59,0x15,0xa1,0x61,0x54,0x96,0x1d,
	0xf1,0x0f,0x01,0x88,0x3d,0x04,0x1f,0x3a,0x43,0x95,0x65,0xf3,0x64,0xc7,0x8e,0x1d,
	0x15,0x0c,0x10,0x0e,0x63,0x77,0x32,0x46,0x31,0x0b,0x1d,0x0e,0x87,0x2a,0x42,0x6b,
	0xc3,0xa1,0x94,0x45,0x99,0x24,0xb4,0xd2,0x46,0xa3,0x51,0x03,0xaa,0x10,0xcc,0xc8,
	0x49,0x42,0x8b,0x18,0xdb,0xad,0x2e,0x80,0xc0,0xc8,0xd2,0xd6,0xdf,0x32,0x1b,0x1f,
	0x7a,0x36,0x83,0x0f,0x0e,0x49,0xd3,0x54,0x17,0x5d,0x74,0x91,0x46,0xa3,0x91,0xee,
	0xbe,0xfb,0x6e,0xbd,0xe4,0x25,0x2f,0xd1,0x27,0x3f,0xf9,0xc9,0x4d,0x8d,0x60,0x34,
	0x1a,0xe9,0xaa,0xab,0xae,0xd2,0xa5,0x97,0x5e,0xaa,0xeb,0xaf,0xbf,0x5e,0xf7,0xdd,
	0x77,0x9f,0x52,0x5b,0x86,0x49,0xc2,0x90,0x83,0x86,0x95,0x85,0x81,0xf5,0x4b,0x5f,
	0xfa,0x52,0x9d,0x73,0xce,0x39,0xba,0xee,0xba,0xeb,0x94,0xe7,0xb9,0x3e,0xf9,0xc9,
	0x4f,0x6a,0x69,0x69,0x49,0xd7,0x5c,0x73,0x8d,0x0a,0x5b,0xe7,0x2c,0x42,0x96,0x47,
	0x77,0x70,0x7c,0xda,0xd3,0x9e,0xa6,0x4b,0x2e,0xb9,0x44,0x7b,0xf7,0xee,0xd5,0x97,
	0xbe,0xf4,0xa5,0x3a,0x30,0x9a,0x61,0xad,0xf3,0xf1,0x8f,0x7f,0xbc,0xee,0xb8,0xe3,
	0x0e,0x5d,0x70,0xc1,0x05,0x3a,0x78,0xf0,0xa0,0xee,0xbc,0xf3,0x4e,0x4d,0x4f,0x4f,
	0xab,0x61,0xdb,0xbc,0xc0,0x0a,0x1f,0x54,0xd1,0xce,0x1a,0x30,0xc3,0xf1,0xf8,0x84,
	0x7a,0xe0,0x80,0x6c,0x82,0x8e,0x20,0x42,0x06,0x38,0x53,0x0f,0xbf,0xe2,0x3b,0x7c,
	0x9a,0xd8,0xe6,0x0d,0x08,0xff,0x21,0x37,0x8d,0xee,0x2a,0xa5,0x69,0xaa,0xd4,0x03,
	0xce,0x85,0x36,0x6c,0x0d,0x8e,0x32,0x65,0x59,0x6a,0x7d,0x7d,0xbd,0x9e,0x89,0xa2,
	0x14,0x65,0xe9,0x2e,0x8a,0xd0,0x1d,0x54,0x61,0x42,0x31,0x0e,0x3b,0x4e,0x64,0x19,
	0x08,0x05,0x31,0xd6,0xf9,0x11,0x44,0x5c,0xe3,0x1c,0x7c,0xc7,0x61,0xec,0x08,0xa8,
	0x32,0x87,0x24,0x61,0x3c,0xf5,0xbe,0xf7,0xbd,0x4f,0x5f,0xf9,0xca,0x57,0x74,0xd9,
	0x65,0x97,0xe9,0xba,0xeb,0xae,0xd3,0xb1,0x63,0xc7,0x74,0xcd,0x35,0xd7,0x6c,0x72,
	0x44,0xab,0xd5,0xd2,0xe7,0x3e,0xf7,0x39,0x5d,0x71,0xc5,0x15,0x3a,0x70,0xe0,0x40,
	0xed,0x34,0xe7,0xb7,0xb6,0xb6,0xa6,0xc1,0x60,0x20,0x05,0x2c,0x86,0xc3,0xa1,0x4e,
	0x3d,0xf5,0x54,0xdd,0x70,0xc3,0x0d,0x5a,0x5e,0x5e,0x56,0x1a,0x32,0xc7,0xbf,0xfd,
	0xdb,0xbf,0xd5,0x60,0x67,0x59,0xa6,0x6e,0xb7,0xbb,0xe9,0x96,0x1a,0x8e,0x2a,0xcb,
	0x52,0xb7,0xdc,0x72,0x8b,0xae,0xbb,0xee,0x3a,0xdd,0x74,0xd3,0x4d,0x75,0x50,0x27,
	0x61,0xf8,0x70,0xe9,0xa5,0x97,0xea,0xc5,0x2f,0x7e,0xb1,0x3e,0xf5,0xa9,0x4f,0xe9,
	0xa9,0x4f,0x7d,0xaa,0xee,0xbe,0xfb,0x6e,0xbd,0xe5,0x2d,0x6f,0xa9,0xed,0x77,0xc2,
	0x0e,0x97,0x51,0xd9,0x72,0x0a,0xfa,0x38,0xe6,0x64,0x4b,0x70,0x73,0x3c,0x2a,0xbb,
	0xaf,0x0d,0x5f,0xae,0xd1,0xa0,0x88,0x03,0xae,0x2b,0x04,0xb1,0x02,0x66,0x6e,0x0f,
	0x7c,0x62,0x7d,0xe1,0x91,0xe7,0xf9,0xc3,0x5d,0x30,0x83,0xf7,0x24,0xac,0xc5,0x8d,
	0x6d,0x46,0xe9,0xc2,0x47,0x61,0xba,0xbf,0xb6,0xb6,0x56,0x0f,0x26,0x99,0x14,0xa0,
	0x18,0xc2,0xfc,0x13,0x05,0x2b,0x1b,0x67,0xc8,0xba,0x0c,0x78,0x3b,0x68,0xf0,0x44,
	0xd9,0xf1,0x78,0x5c,0xcb,0x1c,0x8d,0x46,0x5a,0x5f,0x5f,0xaf,0xbb,0x33,0xc6,0x8e,
	0xdb,0xb7,0x6f,0xd7,0xad,0xb7,0xde,0xaa,0xdf,0xfe,0xed,0xdf,0x56,0xaf,0xd7,0x53,
	0x9a,0xa6,0x7a,0xd7,0xbb,0xde,0xa5,0x7f,0xf8,0x87,0x7f,0xd0,0xc2,0xc2,0x82,0xb2,
	0x90,0x5d,0xb3,0x70,0x4b,0xad,0x2c,0xcb,0x1f,0x59,0xd7,0xa3,0xb1,0x30,0xf6,0x6d,
	0x34,0x1a,0x3a,0x76,0xec,0x98,0xce,0x3f,0xff,0x7c,0x7d,0xfa,0xd3,0x9f,0xd6,0xdb,
	0xde,0xf6,0x36,0x7d,0xf5,0xab,0x5f,0xd5,0x15,0x57,0x5c,0xa1,0x8f,0x7f,0xfc,0xe3,
	0x7a,0xee,0x73,0x9f,0xab,0x0f,0x7d,0xe8,0x43,0xfa,0xf8,0xc7,0x3f,0xae,0xd3,0x4f,
	0x3f,0x5d,0xab,0xab,0xab,0xea,0xf7,0xfb,0xca,0xc3,0xaa,0x02,0x0d,0xa7,0x11,0x26,
	0x16,0xfd,0x7e,0xbf,0x76,0x16,0xf6,0xb6,0x5a,0x2d,0xb5,0xdb,0x6d,0x3d,0xf9,0xc9,
	0x4f,0xd6,0xeb,0x5f,0xff,0x7a,0xbd,0xe0,0x05,0x2f,0xd0,0x29,0xa7,0x9c,0xa2,0xd9,
	0xd9,0x59,0xbd,0xfd,0xed,0x6f,0xd7,0xc7,0x3e,0xf6,0xb1,0x7a,0xf6,0x8c,0x7e,0xc7,
	0x8e,0x1d,0xab,0xd7,0x17,0xc1,0xda,0xb1,0x25,0xd8,0x68,0xb4,0xf8,0x13,0x7c,0xf1,
	0xad,0xec,0xae,0xd3,0x70,0x38,0xac,0xf1,0xa6,0x0c,0x31,0x42,0x60,0x37,0xc2,0xd8,
	0x3d,0x0b,0x63,0xb9,0x56,0xd8,0x68,0x9a,0x86,0x45,0xee,0x2c,0xcb,0x34,0x18,0x0c,
	0xea,0x20,0xa5,0x2c,0x31,0xc0,0xb9,0x46,0xa3,0xa1,0x64,0xfb,0xf6,0xed,0x15,0x01,
	0x98,0xe7,0xb9,0x5e,0xf7,0xba,0xd7,0xe9,0xe6,0x9b,0x6f,0xd6,0xa1,0x43,0x87,0x74,
	0xee,0xb9,0xe7,0xd6,0xf7,0x78,0xd3,0xb0,0x76,0x55,0x86,0x81,0x31,0xc0,0x12,0x40,
	0x79,0x9e,0x6b,0x75,0x75,0xb5,0x06,0x73,0x38,0x1c,0xaa,0xd7,0xeb,0x29,0xcf,0x73,
	0x75,0x3a,0x1d,0x75,0xbb,0xdd,0x7a,0x11,0x77,0x34,0x1a,0xa9,0xdd,0x6e,0xd7,0x63,
	0xc5,0xaa,0xaa,0xb4,0xb2,0xb2,0x52,0x07,0x8c,0x8f,0x07,0x99,0x18,0x95,0x61,0x20,
	0xbe,0xb2,0xb2,0x52,0x83,0x70,0xea,0xa9,0xa7,0xea,0xb2,0xcb,0x2e,0xd3,0xad,0xb7,
	0xde,0xaa,0x13,0x27,0x4e,0xe8,0xf0,0xe1,0xc3,0x7a,0xf0,0xc1,0x07,0x35,0x3f,0x3f,
	0xaf,0xa5,0xa5,0xa5,0x1a,0xfc,0x34,0x4d,0x35,0x37,0x37,0xa7,0x43,0x87,0x0e,0x69,
	0x66,0x66,0x66,0x53,0x43,0x51,0xc8,0x4a,0x1e,0x20,0x95,0x75,0x19,0x79,0x9e,0x6b,
	0x6d,0x6d,0x4d,0x0f,0x3e,0xf8,0xa0,0x06,0x83,0xc1,0x06,0x68,0x21,0xa3,0x5c,0x72,
	0xc9,0x25,0x6a,0xb7,0xdb,0xfa,0xe2,0x17,0xbf,0x58,0x67,0x49,0x85,0xa5,0xa9,0x1d,
	0x3b,0x76,0xd4,0x4e,0xe9,0x74,0x3a,0xca,0xc3,0xd8,0x6e,0x6e,0x6e,0xae,0xb6,0x9b,
	0xc9,0xd1,0x78,0x3c,0xd6,0xdc,0xdc,0x9c,0x64,0x83,0x7a,0x74,0x60,0x1c,0xeb,0x0d,
	0x63,0x7a,0x7a,0x5a,0xa3,0xd1,0x48,0x57,0x5f,0x7d,0xb5,0x0e,0x1f,0x3e,0xac,0xbf,
	0xf8,0x8b,0xbf,0xd0,0xd9,0x67,0x9f,0xad,0x2a,0x8c,0xbb,0x1a,0x36,0x5e,0xc7,0x17,
	0x79,0x98,0x80,0xcc,0xce,0xce,0x6a,0x30,0x18,0x68,0x14,0xd6,0x50,0xb9,0x46,0x63,
	0x1f,0x8f,0xc7,0x9a,0x9a,0x9a,0x52,0x92,0x24,0x5a,0x59,0x59,0xd1,0xc9,0x27,0x9f,
	0xac,0x1f,0xfe,0xf0,0x87,0xca,0xf3,0x5c,0x67,0x9c,0x71,0x46,0x1d,0x03,0xd3,0xd3,
	0xd3,0x1a,0x0e,0x87,0x5a,0x5c,0x5c,0xd4,0xfe,0xfd,0xfb,0x25,0x49,0x27,0x9f,0x7c,
	0xb2,0xe6,0xe7,0xe7,0xb5,0xb2,0xb2,0xa2,0xd3,0x4e,0x3b,0x4d,0x07,0x0f,0x1e,0x54,
	0x3b,0xdc,0x26,0xfd,0xb9,0x9f,0xfb,0x39,0x7d,0xfa,0xd3,0x9f,0x56,0x1e,0x86,0x47,
	0x50,0x1d,0x80,0x0a,0x2d,0xe6,0x95,0xaf,0x7c,0xa5,0x3e,0xf2,0x91,0x8f,0xd4,0x01,
	0x46,0x6b,0x1a,0xdb,0x3d,0xc2,0xaa,0xaa,0xb4,0xb8,0xb8,0xa8,0x5e,0xaf,0xa7,0x2c,
	0x74,0x37,0x9c,0x2f,0xad,0x3b,0x77,0x47,0xe2,0x74,0x5a,0x9c,0x2c,0xfb,0x29,0x74,
	0xe3,0xb4,0x42,0x3f,0x90,0x8f,0x8e,0x64,0xc4,0x32,0xda,0xdb,0xd6,0xeb,0xf5,0xea,
	0x4c,0x4c,0x80,0x8e,0xc2,0x8c,0x38,0x89,0xba,0x41,0x5a,0x29,0xb2,0x9d,0x92,0x90,
	0x79,0x71,0x36,0x72,0x32,0xdb,0x4d,0x03,0x9d,0x7a,0xea,0xa9,0x3a,0x7c,0xf8,0x70,
	0xad,0x37,0x36,0x3a,0x06,0x89,0x65,0x11,0xd9,0x18,0x4a,0xd1,0xd8,0x95,0xb2,0x0a,
	0xb6,0xd2,0xb8,0x9d,0xa8,0x8b,0x0e,0x04,0x26,0xd7,0xb2,0x68,0x4f,0x21,0xb6,0xa4,
	0x51,0xb6,0xa5,0x4c,0x62,0x2b,0x13,0xd8,0x98,0xd8,0x24,0x14,0xcc,0xb0,0xdb,0x13,
	0x8e,0x24,0x0d,0x06,0x03,0xad,0xac,0xac,0x68,0xeb,0xd6,0xad,0x9b,0x74,0xf5,0xb2,
	0xc8,0x78,0xe5,0x2b,0x5f,0xa9,0x0f,0x7f,0xf8,0xc3,0xb5,0x3e,0xed,0x76,0x7b,0xc3,
	0x0f,0x6c,0x48,0xc5,0xe1,0xe7,0x9f,0x7f,0xbe,0xee,0xb8,0xe3,0x0e,0x25,0x49,0xa2,
	0x97,0xbf,0xfc,0xe5,0x7a,0xd2,0x93,0x9e,0xa4,0x24,0xdc,0x6f,0xe4,0x4e,0x00,0x37,
	0xae,0x87,0xc3,0xa1,0xae,0xba,0xea,0x2a,0xdd,0x7b,0xef,0xbd,0x5a,0x5b,0x5b,0xab,
	0x5b,0x26,0x29,0x9a,0xa0,0xa9,0x6c,0xcf,0x1a,0x72,0x30,0xb4,0x0c,0xcb,0x2a,0xcc,
	0x9c,0x00,0x18,0x87,0xbb,0x51,0x4e,0x00,0x81,0x1c,0xea,0x96,0xa1,0x0b,0xc2,0x50,
	0xe7,0xe7,0x4e,0x80,0x77,0x32,0x61,0x83,0x29,0xdf,0x9d,0x37,0x81,0xe5,0x7a,0xac,
	0xae,0xae,0xd6,0x3c,0x90,0xeb,0xbc,0xdd,0xb9,0xce,0x1f,0xbd,0xc0,0x04,0x7b,0xe0,
	0x93,0xda,0xe6,0x05,0xbf,0xe6,0x78,0x66,0xd6,0x03,0xa1,0x83,0xe3,0xe5,0xfa,0xc0,
	0x87,0xdf,0xf0,0xc0,0x76,0x6c,0x83,0x28,0x5f,0x86,0xd5,0x0a,0x32,0x64,0xb7,0xdb,
	0xd5,0xd2,0xd2,0x92,0x2e,0xb8,0xe0,0x02,0x9d,0x7f,0xfe,0xf9,0x5a,0x5a,0x5a,0xd2,
	0xec,0xec,0xac,0xae,0xbe,0xfa,0x6a,0x15,0x45,0xa1,0xc7,0x3c,0xe6,0x31,0xba,0xf0,
	0xc2,0x0b,0x75,0xc1,0x05,0x17,0xe8,0xf9,0xcf,0x7f,0xbe,0x9e,0xf1,0x8c,0x67,0xe8,
	0xef,0xfe,0xee,0xef,0xd4,0xe9,0x74,0x74,0xc9,0x25,0x97,0xe8,0xe6,0x9b,0x6f,0x56,
	0x62,0x63,0xd5,0xb2,0x2c,0x95,0x4d,0x4f,0x4f,0xef,0x71,0x50,0xce,0x3b,0xef,0x3c,
	0xdd,0x7d,0xf7,0xdd,0xca,0xf3,0x5c,0x2f,0x7c,0xe1,0x0b,0xf5,0x96,0xb7,0xbc,0x45,
	0x07,0x0f,0x1e,0xd4,0x43,0x0f,0x3d,0xa4,0x71,0x58,0x3b,0x5b,0x5b,0x5b,0xd3,0x68,
	0x34,0xd2,0xec,0xec,0xac,0x5a,0xad,0x96,0xf6,0xed,0xdb,0xa7,0x6e,0xb7,0xab,0x7e,
	0xbf,0x5f,0x0f,0x48,0x31,0x12,0x43,0xc9,0xa6,0x04,0x06,0x00,0xb5,0xc2,0x6d,0x3f,
	0xd7,0xc1,0x1d,0xe8,0x3c,0x1c,0x4c,0xd9,0x12,0x8c,0x6c,0x1d,0x10,0xb9,0x8a,0x1c,
	0xe7,0xce,0xa1,0x9c,0x3b,0xd4,0xf9,0xc7,0xad,0x99,0x72,0x1e,0x48,0x34,0x10,0x1a,
	0x6f,0xcc,0x1f,0x19,0xae,0xaf,0x9f,0x27,0xe3,0xa3,0xa3,0x9f,0x4f,0xad,0x41,0xf9,
	0x35,0x88,0x60,0x89,0xe5,0xa0,0x03,0x9f,0x7e,0x8d,0xc3,0xf5,0x6f,0x86,0x2d,0x57,
	0x5c,0xc3,0x26,0xec,0xe7,0x3b,0xf6,0x15,0x61,0xc6,0x7d,0xf8,0xf0,0x61,0xdd,0x7f,
	0xff,0xfd,0xba,0xe8,0xa2,0x8b,0x74,0xe7,0x9d,0x77,0xea,0xdb,0xdf,0xfe,0xb6,0x0e,
	0x1d,0x3a,0xa4,0x03,0x07,0x0e,0xe8,0xce,0x3b,0xef,0xd4,0x77,0xbf,0xfb,0x5d,0x7d,
	0xfd,0xeb,0x5f,0xd7,0xae,0x5d,0xbb,0xf4,0xf5,0xaf,0x7f,0x5d,0xdd,0x6e,0x57,0xbb,
	0x77,0xef,0xd6,0x37,0xbf,0xf9,0xcd,0xda,0x37,0x04,0x77,0x8a,0x82,0x08,0x59,0x5f,
	0x5f,0xdf,0xb4,0xc5,0xaa,0xd7,0xeb,0xd5,0xad,0x31,0x0b,0xab,0xfa,0x38,0x34,0xcf,
	0x73,0x7d,0xe7,0x3b,0xdf,0xa9,0xbb,0xab,0x56,0xb8,0xa5,0x47,0xcb,0x27,0xc8,0x64,
	0x69,0x99,0xef,0x9c,0x27,0xc8,0xf8,0x9e,0xd8,0x8c,0x2d,0xbe,0xae,0x28,0x68,0x62,
	0xf0,0xe0,0x09,0x79,0x5d,0xca,0x93,0x75,0x91,0xe3,0xce,0xac,0xa2,0x41,0x3c,0x76,
	0xba,0x3d,0xf0,0x24,0x2b,0x40,0xc8,0x81,0x2f,0xba,0xe1,0x40,0x0e,0xae,0x11,0x7c,
	0xd4,0x41,0x3e,0x01,0x1d,0xe3,0xe2,0x7a,0xb2,0x5c,0x83,0x2c,0xea,0x73,0x5d,0x61,
	0x02,0x55,0x05,0x9f,0x12,0x58,0x8a,0x6c,0x42,0x7f,0x3e,0xc1,0x86,0x7a,0x9c,0xe3,
	0x7b,0x69,0xc3,0x9e,0xa2,0x28,0xf4,0x8d,0x6f,0x7c,0x43,0x0d,0x5b,0x0b,0x6e,0xd8,
	0x76,0xb9,0x3c,0xcf,0x75,0xdb,0x6d,0xb7,0x69,0x75,0x75,0xb5,0xe6,0xe1,0xbe,0x40,
	0xf7,0x14,0xa5,0xdc,0x18,0xc0,0xbd,0xe7,0x9e,0x7b,0x6a,0x40,0x10,0xc4,0x81,0xd2,
	0x3e,0x90,0xa6,0x3e,0xe4,0x4e,0xc5,0x28,0xce,0xa1,0x04,0xe3,0x20,0x80,0x71,0x67,
	0x55,0xb6,0x8d,0x09,0x2a,0x6d,0x91,0x14,0x60,0x62,0xe2,0x9a,0x3b,0x76,0x92,0x03,
	0x64,0x3a,0x6a,0xc2,0xed,0x26,0xca,0x71,0x0e,0x2c,0xfc,0x70,0x42,0x26,0x4b,0x19,
	0x55,0x08,0xa8,0xd8,0x36,0x45,0x99,0xd1,0xeb,0xc7,0x44,0x66,0xc7,0x3f,0x7e,0x78,
	0x99,0x32,0x2c,0xd3,0x50,0x8e,0xef,0x55,0x68,0x2c,0xf8,0xa0,0x8a,0xc6,0xe9,0xf8,
	0xd1,0xcf,0x51,0x87,0x7a,0xac,0x4e,0xa0,0x47,0x23,0xac,0x22,0x30,0x29,0xc3,0xb6,
	0x32,0xc4,0x05,0x89,0xe6,0xf8,0xf1,0xe3,0x9a,0x9b,0x9b,0xdb,0xa4,0x7f,0x65,0x9b,
	0x2d,0x24,0x6d,0x04,0xa0,0x82,0x02,0x79,0x98,0xb6,0xa7,0x69,0xaa,0x5e,0xaf,0xa7,
	0x23,0x47,0x8e,0x6c,0x0a,0x0e,0x07,0xcd,0xd7,0xb8,0x0a,0xbb,0xa7,0x29,0x03,0x17,
	0xa5,0x70,0x62,0x15,0x82,0x0e,0xa0,0xf9,0x4d,0x1d,0x9c,0x33,0xa9,0x0e,0x9f,0x18,
	0x12,0x67,0x3c,0xbe,0xa7,0xd1,0xed,0x3f,0xe4,0xd0,0x40,0x00,0x81,0xef,0x00,0xef,
	0xd9,0x8c,0xb2,0xe3,0xe8,0x49,0x2f,0xc8,0xf5,0x96,0x75,0xf5,0x89,0x05,0x1f,0xfa,
	0xbb,0x5d,0x6e,0x2b,0xd7,0x12,0xcb,0xde,0x95,0x8d,0x35,0x4b,0x5b,0xf7,0xab,0x2c,
	0x70,0x5d,0x36,0xdf,0x5d,0x3e,0x75,0xa8,0xef,0xd7,0x39,0x47,0x3d,0xc7,0xd1,0xf1,
	0x28,0x6c,0x03,0x2f,0xf8,0xe0,0x63,0xf0,0x83,0x0f,0x09,0x08,0x99,0x4e,0x07,0x0e,
	0x1c,0xa8,0xe3,0xe4,0xae,0xbb,0xee,0xaa,0xe5,0x82,0xab,0x24,0xa5,0x59,0x98,0x49,
	0xc1,0x04,0xa7,0xf7,0xfb,0xfd,0x7a,0xb7,0x6f,0x19,0x5a,0x01,0x81,0xc8,0x39,0x94,
	0x82,0x19,0x8e,0xf3,0x00,0x43,0x28,0x65,0x64,0x99,0x84,0x60,0xc9,0x6c,0x3f,0x9c,
	0xff,0xa6,0x5e,0xcc,0x83,0xeb,0x5c,0x43,0x7f,0x8e,0xc4,0x1c,0x8c,0x1c,0x9c,0x86,
	0x5e,0xf0,0x49,0xa3,0x5b,0x50,0x4e,0xd4,0xf5,0x60,0xe1,0x00,0x27,0x85,0x5e,0xa0,
	0x0c,0x0d,0x18,0x87,0x10,0x48,0x59,0xb4,0x85,0x9e,0xfb,0xeb,0xae,0xc3,0x28,0x5a,
	0x54,0x97,0xdd,0x67,0x07,0x13,0x0f,0x06,0xec,0x76,0x9c,0x9b,0xe1,0x3e,0x75,0xac,
	0xa3,0xd7,0xc3,0x56,0xae,0xcb,0x86,0x3d,0x59,0xd4,0xd3,0xe4,0xe1,0x0e,0x16,0xd7,
	0xa8,0x97,0x46,0x9b,0x18,0x7e,0x1c,0x2d,0x2f,0x2f,0xd7,0xbe,0xde,0xb2,0x65,0x8b,
	0x64,0xf1,0x85,0xfc,0x74,0x1c,0x26,0x05,0xac,0x1b,0x95,0xf6,0xcc,0xc4,0xd1,0xa3,
	0x47,0x6b,0x63,0x31,0x04,0xc7,0x27,0xd1,0x3d,0x63,0x14,0x72,0xe3,0x20,0xca,0x7a,
	0xe0,0xa5,0xe1,0xb6,0x4c,0x23,0x0c,0xc6,0x13,0xcb,0x72,0x94,0x21,0x28,0x01,0xd2,
	0x01,0x47,0x36,0x65,0xd1,0x93,0xa3,0xb4,0x0c,0xc6,0x6f,0x0f,0xda,0x46,0xd8,0x47,
	0xc8,0xc1,0x75,0x1c,0x82,0x3d,0x0a,0x0d,0x8b,0xee,0x08,0x1b,0xbc,0x5b,0x43,0x47,
	0xba,0x26,0x2f,0xc7,0x41,0x19,0xd7,0x59,0x21,0x00,0xd0,0x85,0x73,0x94,0x01,0x73,
	0x6f,0xa0,0xb1,0x8d,0x32,0x7c,0xdd,0x3e,0xfc,0x80,0x2c,0x3f,0x4f,0x60,0x39,0xa6,
	0x10,0x3c,0x68,0x24,0x04,0xbf,0xfb,0x95,0x15,0x8b,0xca,0xb2,0x32,0xfa,0x78,0x59,
	0xd6,0x30,0xd1,0x1d,0x7c,0xf1,0x67,0xb7,0xdb,0xdd,0xb8,0x13,0x82,0x01,0xa9,0x3d,
	0xf5,0xd6,0xef,0xf7,0xf5,0xac,0x67,0x3d,0xab,0x16,0x0a,0xa1,0x14,0x86,0x39,0xa8,
	0x18,0xe8,0x03,0x74,0x3f,0x8f,0x92,0x00,0x07,0x30,0x5c,0xc3,0xf0,0x2c,0x64,0x26,
	0xca,0x02,0xae,0xa2,0xae,0xd6,0xf9,0xc3,0x0b,0xc0,0x28,0xe3,0xbc,0x5d,0x66,0x1e,
	0x16,0x66,0x93,0x68,0xd2,0x40,0x59,0x64,0x3b,0xa8,0x64,0x19,0xf8,0x78,0xd6,0x98,
	0x54,0x9e,0x03,0x5b,0x64,0x59,0x17,0x7d,0x64,0x19,0xd9,0x71,0xf1,0x80,0xc2,0x91,
	0x9a,0x30,0x76,0x44,0xff,0xd2,0x1a,0xab,0x67,0x39,0x78,0x60,0x9f,0xeb,0x58,0x1a,
	0xb6,0x8e,0x51,0x15,0xbd,0xa2,0x84,0xf3,0xc8,0xa6,0xf1,0xa3,0xa7,0x07,0x34,0xd7,
	0x93,0x24,0xd1,0xd3,0x9e,0xf6,0xb4,0xfa,0x86,0x84,0x8f,0x8b,0x91,0x5f,0x55,0x61,
	0x3f,0xa0,0x83,0x51,0x84,0x2e,0x30,0x4d,0x53,0x7d,0xe2,0x13,0x9f,0xd0,0xaf,0xfc,
	0xca,0xaf,0x28,0xb3,0xcd,0x01,0x08,0xf6,0x7a,0x18,0x4d,0xe6,0xc4,0xf1,0x5c,0x83,
	0x00,0x08,0xe1,0x00,0xee,0x44,0x46,0x86,0xdc,0x30,0x27,0xea,0xa3,0x47,0x1e,0x56,
	0xd8,0xbd,0x2e,0x84,0x3c,0xd9,0x4c,0x8e,0x72,0xf0,0x46,0x17,0xe4,0xc5,0x72,0xab,
	0x10,0x08,0x55,0xd4,0xf5,0x39,0x0e,0xc8,0xc1,0x41,0x4e,0xa9,0xbd,0xa6,0x22,0xd6,
	0x3d,0x26,0xaf,0x9f,0x85,0xae,0x9b,0x73,0xae,0x1b,0x7c,0xd0,0x87,0x21,0x10,0x8d,
	0xcb,0x6d,0x26,0x21,0xc8,0xc6,0x73,0x69,0x34,0x19,0x4b,0xac,0xdb,0x86,0xbc,0x91,
	0xc9,0xba,0x6c,0x27,0xd7,0xb7,0x0a,0xbd,0xcb,0xf9,0xe7,0x9f,0xaf,0x9b,0x6e,0xba,
	0x49,0x79,0x9e,0xd7,0x73,0x09,0x02,0x9e,0x8c,0x9f,0x73,0x2f,0x98,0x8a,0x0a,0xe9,
	0xb5,0xdd,0x6e,0xeb,0xc5,0x2f,0x7e,0xb1,0xb2,0x2c,0xd3,0x17,0xbe,0xf0,0x85,0xba,
	0x45,0x11,0x64,0x38,0x1a,0x65,0x13,0x5b,0xcc,0xe5,0x70,0x43,0xfc,0x13,0xe0,0x34,
	0xc1,0x38,0x00,0x28,0x42,0x86,0x45,0x2e,0x00,0xbb,0xd3,0x9c,0x0f,0xba,0x51,0x8f,
	0x73,0x31,0x6f,0xae,0xc7,0x4e,0x77,0x9e,0x93,0x02,0x18,0x82,0x67,0x1c,0x60,0x71,
	0x76,0xf2,0x65,0x2b,0x6c,0x2e,0x6c,0x62,0x04,0x3e,0xde,0x08,0x90,0x5d,0x59,0x70,
	0x96,0xd1,0x90,0x47,0xe6,0x27,0xf0,0xf1,0xc6,0x00,0x6f,0x1c,0x4d,0xdd,0x34,0x24,
	0x08,0x82,0x0e,0x7d,0x20,0xae,0x29,0x5a,0x8a,0x49,0x42,0x37,0xea,0x7a,0xb8,0x0d,
	0x04,0x6f,0x6c,0x47,0x96,0x65,0xfa,0xf6,0xb7,0xbf,0xad,0x97,0xbc,0xe4,0x25,0x7a,
	0xf3,0x9b,0xdf,0xac,0xe9,0xe9,0x69,0xcd,0xcc,0xcc,0xa8,0xd3,0xe9,0xd4,0x4b,0x75,
	0x19,0x5d,0x73,0x11,0x32,0x1e,0x63,0x40,0x9c,0xf4,0x37,0x7f,0xf3,0x37,0x3a,0xff,
	0xfc,0xf3,0x37,0x09,0x40,0x29,0x04,0x03,0x86,0x13,0x0a,0x3a,0xa8,0x7a,0x84,0x4c,
	0x18,0x1b,0x01,0xc8,0x31,0xb9,0x73,0xdc,0x19,0x71,0x79,0xe7,0x8b,0x9e,0x1c,0x90,
	0xff,0xc6,0xde,0x34,0x8c,0xdf,0xd0,0xdd,0x75,0x99,0xd4,0xf8,0x34,0xa1,0x51,0x21,
	0xd7,0xaf,0xc7,0xdf,0xd3,0x90,0x71,0x8a,0xd0,0x45,0x91,0x0d,0x15,0x65,0x74,0x78,
	0x26,0x36,0x76,0xf6,0x6b,0xff,0x19,0x65,0xb6,0xf6,0xf8,0xe3,0xca,0x33,0x46,0x06,
	0x03,0xf4,0x47,0x76,0x19,0xc6,0xa7,0x04,0xba,0xfb,0x1b,0x2c,0xc0,0x87,0xba,0x59,
	0x98,0xd4,0xe6,0x79,0xae,0x9b,0x6f,0xbe,0x59,0x7f,0xf4,0x47,0x7f,0xa4,0xd2,0x36,
	0xb1,0x20,0x0f,0x1d,0xeb,0x37,0x23,0x60,0x20,0xdd,0xcc,0xcc,0xcc,0x8c,0x6e,0xbb,
	0xed,0x36,0x29,0x5a,0x8b,0x52,0x68,0xe1,0xae,0x28,0x8e,0xac,0x2c,0x6b,0xb9,0x03,
	0xf8,0x94,0x39,0x0c,0x22,0x7b,0x00,0x18,0x8e,0x90,0xcd,0x96,0x29,0x4f,0x96,0x8d,
	0x83,0xca,0xf9,0x01,0x92,0x5f,0xc7,0xf9,0x34,0x32,0xca,0x03,0x30,0xe7,0x08,0x42,
	0x64,0x02,0x2c,0xe4,0xd7,0xfc,0x3c,0xe3,0xa5,0x24,0x1a,0x8f,0xa1,0x3f,0x65,0x29,
	0xe3,0xce,0xc6,0x1e,0x74,0x40,0x57,0x30,0xf3,0xf2,0x7e,0x7b,0x0e,0x42,0x1f,0xca,
	0xc4,0x84,0xce,0x31,0x4f,0x3e,0xf1,0xa5,0xcc,0x4f,0xe8,0x82,0x6f,0xe8,0xda,0xa9,
	0x47,0x39,0xc7,0x98,0x85,0x6f,0x1a,0x0b,0x81,0x38,0x33,0x33,0xa3,0x2c,0xdc,0xc0,
	0x80,0x5f,0x23,0x3c,0x03,0xdd,0xde,0x78,0x26,0x66,0x73,0x76,0xc3,0x11,0x83,0xc1,
	0x40,0x3b,0x76,0xec,0xa8,0x23,0x15,0x02,0x30,0xd9,0xd8,0x0f,0xc1,0x31,0x38,0x28,
	0x0d,0x08,0xd4,0xf5,0x4f,0x97,0x0f,0xcf,0xd4,0xc6,0x26,0x0d,0x7b,0x6c,0x90,0x73,
	0xe8,0x09,0xc1,0x3b,0xd6,0x13,0x9b,0xaa,0xe8,0x2d,0x03,0x32,0xc7,0x14,0xa1,0xeb,
	0x01,0x1c,0x07,0x15,0x3e,0x93,0x3e,0x15,0x05,0x3e,0x3a,0x13,0x08,0x71,0xa3,0x25,
	0xcb,0x10,0x94,0xc8,0x75,0x7d,0x3c,0x30,0xe0,0xe5,0x07,0x19,0x13,0x9b,0xb0,0x41,
	0x13,0x7a,0x23,0x97,0x4d,0x40,0xf9,0x35,0x7c,0x47,0x39,0x2f,0xcf,0x77,0xf8,0xb7,
	0xec,0x41,0x7f,0x4d,0xc8,0xd6,0xe8,0x46,0x9d,0x2c,0xf4,0x16,0x6c,0x52,0x69,0xb5,
	0x5a,0x3a,0xf9,0xe4,0x93,0x6b,0xbd,0x29,0x3f,0xe6,0xd5,0x1c,0x95,0x39,0xeb,0xa9,
	0x4f,0x7d,0xaa,0xaa,0x90,0xc9,0xee,0xbd,0xf7,0xde,0x4d,0x4e,0x07,0x5c,0x8c,0xf5,
	0xec,0x45,0x76,0x9a,0x64,0x34,0x82,0xdd,0x48,0x59,0x70,0xc1,0xc3,0xcb,0x01,0x3a,
	0x8e,0x92,0x01,0x03,0x0f,0x77,0x80,0x1e,0x21,0xd3,0xfa,0x01,0x70,0x0a,0x2d,0x16,
	0xa0,0x64,0xe3,0x3a,0xb2,0x4c,0x2c,0x8b,0xfa,0xfe,0xdd,0x71,0x83,0xe2,0xdf,0x90,
	0xe3,0x81,0x1e,0x5e,0xdf,0xed,0x70,0xf2,0x3a,0x94,0x25,0x38,0x09,0x5a,0xba,0x36,
	0xca,0x51,0x2f,0x3e,0x97,0x45,0x5d,0x29,0xfc,0xc8,0x82,0xcd,0x70,0x8b,0x0f,0x9a,
	0xa4,0x6f,0x16,0x56,0x29,0x20,0x7c,0xd4,0x0a,0x7b,0x2b,0xb1,0xb3,0x0c,0xdd,0x6e,
	0x92,0x24,0x5a,0x5d,0x5d,0xd5,0xca,0xca,0x8a,0x2a,0xdb,0x6f,0x58,0x96,0xe5,0x46,
	0x06,0x74,0x61,0xb3,0xb3,0xb3,0xea,0xf7,0xfb,0x1a,0xda,0x83,0xda,0x32,0x05,0x68,
	0xd5,0x28,0x11,0x77,0x91,0x08,0xc7,0x78,0xce,0xe3,0xf4,0xd8,0x70,0x40,0x75,0xa3,
	0x1c,0x38,0xbe,0x13,0x1c,0xee,0xc4,0x34,0x74,0xa9,0xde,0x8a,0x2b,0xcb,0xa8,0x90,
	0xf3,0xe3,0x77,0x32,0x61,0xdd,0xcc,0xbb,0x77,0x88,0x6b,0xd4,0xf1,0x06,0xe8,0x07,
	0xbd,0x00,0xb2,0x39,0xef,0x8d,0x17,0xa2,0x0c,0x36,0x13,0x48,0x94,0x83,0x0f,0x32,
	0x39,0x68,0x2c,0xe8,0x21,0x5b,0xac,0x9e,0x64,0xbf,0xf3,0xa9,0x42,0x0f,0x40,0xa0,
	0xa2,0x8f,0xcb,0x4f,0xed,0xd5,0x28,0xb1,0x2e,0x9c,0xab,0x82,0x2f,0xe2,0xec,0xad,
	0xb0,0x18,0xef,0xfe,0x41,0x4e,0x16,0x1e,0x42,0xbf,0xe3,0x8e,0x3b,0x54,0x84,0x19,
	0x30,0x34,0x18,0x0c,0x94,0xfa,0x60,0xb2,0xdb,0xed,0x6e,0xba,0x95,0x04,0x33,0x37,
	0xa4,0x9a,0x10,0x44,0x90,0x5f,0x27,0x60,0x3d,0x83,0x79,0x99,0x2a,0xea,0x42,0x14,
	0xe4,0x70,0x9e,0xc3,0xeb,0xf9,0x6f,0x80,0xf1,0xfa,0xb2,0x49,0x03,0x8e,0x72,0x9d,
	0xa0,0x24,0xb4,0x50,0xf4,0xcf,0xec,0xce,0x8b,0xd7,0xe7,0x90,0xe9,0x1d,0x07,0x9b,
	0xeb,0x81,0xce,0xa9,0x75,0x9b,0x9c,0x87,0x8f,0xeb,0x05,0x36,0x04,0x42,0x15,0x30,
	0xe5,0xfc,0x24,0xfb,0xd1,0x03,0x9f,0xc0,0x0f,0xb9,0x6e,0x6b,0x6a,0x2f,0x0c,0xc2,
	0xcf,0x7e,0x7d,0x1c,0xd6,0x7c,0x09,0x4c,0xe4,0x2b,0xe8,0x99,0xd9,0xcb,0x39,0xf1,
	0xa7,0xa2,0xe1,0x8b,0xcf,0x92,0x7d,0x89,0x89,0xf2,0x94,0xbb,0xe3,0x8e,0x3b,0x34,
	0x35,0x35,0xa5,0xe9,0xe9,0xe9,0x4d,0xd8,0xa6,0x18,0x99,0x84,0x47,0x23,0x59,0x43,
	0x22,0x23,0x41,0x31,0xb0,0x8a,0x02,0x13,0xc2,0x00,0xff,0x8e,0x71,0xac,0x45,0x51,
	0x0f,0xe0,0x65,0x33,0x37,0xf8,0x11,0x08,0xf0,0x71,0x07,0xf8,0xa0,0x9f,0x83,0x6b,
	0xe8,0xef,0x3b,0xa9,0xd1,0x01,0xd9,0x9d,0x4e,0xa7,0xce,0x78,0x04,0x5f,0x2c,0x07,
	0x67,0xb9,0x5c,0xe4,0x40,0x49,0x34,0xd1,0xe2,0x28,0xed,0x2e,0x0c,0xb2,0xe1,0xc1,
	0x39,0xc7,0x89,0x32,0xae,0x23,0x41,0x83,0x7d,0xa9,0xbd,0x9e,0x24,0xb6,0x99,0x3a,
	0x2e,0x8f,0xeb,0x8c,0xb5,0xe2,0x44,0x90,0xd8,0xee,0x15,0x97,0xc1,0x77,0xc7,0xae,
	0x08,0xb3,0x56,0xcf,0x5e,0xf0,0x70,0xc2,0x76,0x59,0xa3,0x4a,0x43,0x4f,0x95,0xd8,
	0xfe,0x47,0xc7,0x3e,0x75,0xa1,0xbc,0x68,0xbb,0xd3,0xe9,0x6c,0x62,0x5a,0x59,0x8b,
	0x8b,0x09,0x46,0xb2,0x99,0x50,0x19,0x5a,0x3c,0x19,0x10,0xe3,0x08,0x2a,0xca,0x14,
	0xd1,0x2d,0x30,0xf8,0x61,0x28,0x72,0x01,0xd6,0xe5,0xe1,0xb0,0xca,0xb6,0x36,0x79,
	0x40,0xfb,0x80,0x9d,0x6b,0xd8,0x89,0x1d,0x85,0x2d,0xc6,0xba,0x7c,0xca,0x62,0x33,
	0x9f,0x71,0x06,0x80,0x07,0x44,0x8b,0x57,0xd4,0x3d,0x4e,0x22,0x6c,0xf3,0x3a,0x94,
	0xe7,0xb7,0xeb,0x04,0x5e,0xd8,0x07,0xc5,0xbf,0xbd,0x0e,0x7c,0x08,0x84,0x98,0xca,
	0x68,0x4b,0x16,0x58,0xbb,0x4f,0xa8,0xc7,0x75,0xb7,0x09,0x6c,0xf0,0x2d,0x9f,0xf0,
	0x46,0x97,0x41,0x78,0x5e,0x9a,0xf7,0x46,0x82,0xf1,0x68,0x34,0xda,0x58,0x07,0x44,
	0xc0,0xfa,0xfa,0xba,0x7a,0xbd,0x9e,0x46,0xf6,0x66,0xd3,0xd2,0x5e,0x52,0x8d,0xb0,
	0x49,0xce,0x69,0x44,0xef,0xdc,0x73,0xe7,0x3b,0xc0,0x18,0xe8,0xc6,0x24,0x96,0x59,
	0xe8,0x32,0xa8,0xcf,0xa7,0x3b,0x26,0xbe,0x86,0xb3,0xb9,0xee,0x32,0xb3,0x68,0xe3,
	0x42,0x62,0xaf,0x94,0xeb,0x76,0xbb,0x2a,0xed,0xce,0x48,0x62,0x43,0x8e,0x58,0x06,
	0x72,0x3d,0x60,0xaa,0xa8,0x2b,0xc4,0x46,0x68,0x92,0xce,0x49,0x94,0xf9,0x9d,0xb7,
	0x97,0x71,0x9e,0xc8,0xf0,0xc0,0x1f,0xdb,0x13,0x88,0x38,0x1b,0x1e,0x60,0x49,0x40,
	0xb8,0x0c,0x74,0xa2,0x1c,0x3e,0x95,0x2d,0x42,0xa3,0x23,0x7e,0x6f,0x84,0x65,0x13,
	0x1a,0x7a,0x12,0x05,0x1e,0xbc,0xd0,0x01,0x4c,0xc9,0xd8,0x4c,0xf8,0xc6,0xf6,0x44,
	0x23,0x01,0x9d,0x62,0x18,0x8c,0x7b,0xbd,0xde,0x8f,0x0c,0x6e,0x69,0x79,0x38,0x46,
	0x51,0x84,0xbb,0x81,0xf1,0xb5,0xf8,0x3a,0x19,0x11,0xe7,0x39,0xe8,0xd4,0xc5,0xc9,
	0x7e,0xde,0x7f,0xa7,0x13,0xc6,0xa8,0x5e,0x06,0x3d,0xbc,0x9c,0x97,0x6f,0x34,0x1a,
	0x9a,0x9e,0x9e,0xfe,0x11,0x3d,0xab,0x68,0xaf,0x5a,0x32,0xe1,0xc6,0x3d,0xdd,0x16,
	0x78,0x70,0x1e,0x79,0xae,0xb3,0xe3,0x45,0x66,0x88,0x6d,0x66,0x6d,0x92,0xa0,0x74,
	0x3d,0xa9,0x0b,0x66,0x89,0xdd,0xcd,0x71,0x39,0x95,0x65,0x3b,0x6f,0x7c,0xd8,0xe6,
	0xf8,0x10,0x24,0xc8,0x52,0xb0,0x93,0x00,0xc1,0x06,0xe4,0x94,0x61,0x36,0xcb,0x32,
	0x8b,0x2f,0x9e,0xbb,0x0c,0xfc,0x06,0xbf,0xca,0x5e,0xb4,0x39,0x18,0x0c,0xd4,0x0a,
	0x4f,0xce,0x39,0x5e,0x45,0x51,0x3c,0xfc,0x58,0x26,0xfd,0xf2,0xa1,0x43,0x87,0x6a,
	0x10,0xb8,0x96,0xda,0xcd,0x71,0x02,0x95,0xc3,0x8d,0x8a,0xeb,0x00,0x90,0x93,0xd7,
	0x2f,0x43,0x0b,0x64,0xdc,0xa6,0x28,0xd0,0x00,0x16,0x07,0x51,0x27,0xb1,0xc0,0x50,
	0xd4,0x25,0x3a,0x10,0xe8,0x86,0x1c,0xf8,0x55,0x76,0x83,0x3f,0x89,0x86,0x0a,0x94,
	0x77,0x7d,0xe2,0xdf,0x1c,0xc8,0xf5,0x4f,0x2f,0x5b,0xd8,0xd8,0xc9,0x6d,0x86,0xf8,
	0xed,0x3c,0x63,0xcc,0xbc,0xc1,0x62,0x23,0xc4,0x6f,0xf0,0x9e,0xc4,0xc3,0x33,0x24,
	0x94,0xda,0x03,0xe2,0xf0,0x28,0xc2,0x0c,0x95,0x06,0x88,0x3d,0xb1,0xbf,0x09,0xdc,
	0x18,0x87,0x46,0x78,0x79,0x92,0xdb,0x59,0x86,0x31,0x68,0xbf,0xdf,0xd7,0x8b,0x5f,
	0xfc,0x62,0xad,0xae,0xae,0xaa,0x8c,0x26,0x4b,0xa9,0x02,0x10,0x79,0x78,0x86,0x75,
	0x76,0x76,0xb6,0x0e,0x46,0x14,0xa9,0x6c,0x5c,0xc4,0x79,0x07,0x93,0x88,0xa6,0x2c,
	0x91,0xef,0x86,0xa3,0x34,0x0a,0x56,0xb6,0x6a,0x0e,0x60,0xd4,0xa9,0xa2,0xe5,0x14,
	0x7e,0x03,0x00,0xe5,0x5c,0x26,0xb2,0x9c,0x3f,0xba,0xf1,0x9b,0x4f,0x66,0x62,0xe3,
	0x30,0xc3,0x23,0x0b,0xc5,0xfc,0x2a,0x7b,0xad,0x88,0xeb,0x0e,0x5f,0xb2,0x1a,0xb2,
	0xa9,0xeb,0xe5,0x1c,0x03,0x4d,0xe8,0x0d,0x68,0x2c,0x5c,0x23,0xf3,0xc4,0x65,0x5d,
	0x07,0xec,0x8c,0x7d,0x02,0x39,0x76,0xf0,0x80,0x28,0xcb,0x67,0x69,0xe3,0xc0,0xd2,
	0x6e,0x99,0xc1,0xd7,0x8f,0xd8,0x87,0xae,0x4b,0x65,0xbb,0xa8,0x29,0x8f,0x9c,0x2a,
	0x8c,0xff,0xb2,0xf0,0x1c,0xb1,0xcc,0x2f,0xf5,0x6e,0x98,0x71,0xb8,0x7f,0x77,0xce,
	0x39,0xe7,0x6c,0x02,0x01,0xc5,0x20,0x57,0xc8,0x9d,0x06,0xd0,0xa4,0x6a,0x14,0xa5,
	0x6c,0x62,0xad,0xc7,0x89,0xeb,0xb1,0xcc,0x98,0x26,0x19,0x0f,0xb8,0xe8,0xe2,0xdd,
	0x67,0x4c,0xed,0xf0,0x5a,0xb5,0xd9,0xd9,0x59,0x9d,0x38,0x71,0xa2,0xd6,0x03,0xdb,
	0xd1,0x03,0xca,0xa2,0xa7,0xe8,0x1e,0x89,0x3c,0x80,0xa0,0xb8,0x0e,0xf8,0xa4,0xd1,
	0x30,0xc6,0xc9,0x71,0x92,0x39,0x08,0x22,0x13,0x42,0xc8,0x80,0x17,0x18,0x3a,0xc5,
	0x41,0xc2,0xf7,0x38,0xe8,0x65,0xf2,0x63,0x42,0x27,0xf4,0x86,0x0f,0xc9,0x43,0xd6,
	0xc8,0x92,0xe8,0x7d,0xd5,0x49,0xe8,0xa9,0x5a,0xad,0x96,0x76,0xec,0xd8,0xa1,0xb2,
	0x2c,0x37,0xbd,0x3a,0xae,0xaa,0xaa,0x87,0xef,0x84,0xd0,0x55,0x30,0xd8,0xe4,0x7c,
	0x65,0xe3,0x05,0x37,0xd6,0xc1,0x42,0xc1,0x24,0x5a,0x47,0x83,0xaf,0x1b,0x83,0xc2,
	0xf1,0x35,0xea,0xc1,0x07,0x87,0xb9,0x2c,0xef,0x76,0xe1,0x37,0xa9,0xb5,0xc7,0xa0,
	0x26,0x61,0x89,0xa9,0xdb,0xed,0xd6,0xaf,0xd3,0x70,0xfd,0xa1,0xd8,0x2e,0x77,0x56,
	0x66,0xcb,0x44,0xa9,0x0d,0x49,0xd0,0xd7,0xed,0xe1,0x77,0xcc,0xdf,0xed,0xa6,0xc1,
	0xf8,0x78,0x92,0xba,0x38,0x14,0x07,0x73,0xde,0xed,0x43,0x86,0x63,0xc3,0x72,0xc7,
	0x24,0xfb,0xf9,0x1e,0xf3,0xab,0x42,0xe0,0x72,0x17,0xc4,0xeb,0xa3,0x1f,0x4b,0x5a,
	0xad,0xf0,0xc2,0x00,0x4d,0x58,0x6f,0x8d,0x75,0xc4,0x46,0x85,0xc6,0x74,0xd7,0x5d,
	0x77,0xd5,0xbc,0xc0,0xaf,0xaa,0xc2,0x7e,0x40,0x0a,0x39,0x20,0x0e,0xa0,0x2b,0xce,
	0x2c,0x95,0xf3,0x94,0x99,0xf4,0x1b,0xe7,0x4c,0xa2,0x34,0x04,0xb5,0x3b,0xcd,0xcb,
	0xba,0x21,0x6e,0x6c,0x4c,0xee,0x24,0x08,0xe3,0x38,0x18,0xef,0x0c,0xc2,0x72,0x00,
	0xc7,0xa4,0xba,0x50,0x15,0x82,0x3b,0xb5,0x09,0x42,0x6c,0x1b,0x7a,0x41,0x64,0x01,
	0xbe,0xc3,0x1f,0x5c,0x38,0x08,0xc4,0xc4,0x02,0x03,0xdc,0x9d,0x17,0xb8,0x3b,0xfe,
	0x94,0xa7,0x0c,0xfc,0x38,0x62,0x1d,0x5b,0x61,0xfb,0x53,0x62,0xcf,0x00,0x53,0x7f,
	0x1c,0x5e,0x39,0x27,0xdb,0xe5,0x8c,0x0c,0x05,0x1c,0x39,0x4a,0x7b,0xe9,0x93,0xeb,
	0x8e,0x9e,0xa5,0x25,0x0c,0xb7,0x8f,0xe3,0x82,0x0b,0x2e,0xd0,0x68,0x34,0xaa,0x5f,
	0x1e,0x60,0xb8,0x6e,0x18,0x5d,0x86,0x57,0x5f,0xfc,0xe0,0x07,0x3f,0x98,0xe8,0x98,
	0x24,0x44,0x7a,0x6e,0xaf,0x02,0x83,0x3c,0x1b,0x50,0xd7,0x41,0x81,0x5c,0x21,0xa8,
	0xb2,0xc5,0x60,0xc0,0xe5,0x3a,0xc6,0x70,0x6d,0x12,0x39,0x20,0xc8,0x42,0x06,0x41,
	0x43,0xf6,0xe2,0x1a,0xe4,0xdf,0xfd,0x5c,0x65,0x43,0x02,0x78,0x61,0x33,0xdd,0x87,
	0xcc,0x51,0x49,0xb4,0x14,0x84,0x4d,0x9c,0xf3,0xcc,0xed,0x78,0xb8,0xbd,0xf4,0x3a,
	0xf0,0x53,0x34,0xce,0x84,0x37,0xfa,0x20,0xbb,0xb4,0x07,0xdf,0xf9,0x8d,0x8c,0x22,
	0xbc,0x2a,0x4f,0x86,0x25,0x04,0x3e,0x8c,0xf7,0x90,0xa3,0xa8,0x37,0xc2,0xb7,0x6e,
	0x33,0x3a,0xa4,0x36,0xa4,0xc0,0x06,0xe4,0x54,0x76,0xfb,0x2f,0xcf,0x73,0xed,0xdb,
	0xb7,0x4f,0x95,0x0d,0x13,0x7e,0x24,0x03,0x36,0xc3,0x8b,0x25,0x8f,0x1c,0x39,0x52,
	0x2b,0xc8,0x35,0x84,0xf1,0x1b,0xf2,0xae,0xda,0x95,0xe4,0x3b,0x40,0xa2,0x70,0x69,
	0x5d,0x16,0xf5,0xf8,0x4c,0x82,0x93,0x91,0xeb,0x81,0xc7,0xef,0x3c,0x3c,0x87,0xc1,
	0x41,0x59,0x3e,0xe1,0x8d,0xbe,0x50,0xac,0xf7,0x8f,0x23,0xe4,0x29,0x80,0xc4,0xad,
	0x26,0x74,0x80,0xaf,0x97,0x43,0x77,0x45,0x59,0xdf,0xed,0x8b,0xc9,0xb1,0x29,0xa3,
	0xa5,0x27,0xc7,0x81,0x73,0x5e,0x1e,0x47,0x23,0x8b,0xba,0x4e,0xe8,0xdb,0x88,0xc6,
	0xc5,0xe8,0x8f,0xbe,0x94,0x8b,0x09,0xbd,0x20,0x7a,0x81,0x66,0xd8,0xac,0xe1,0x81,
	0xcb,0x35,0xc7,0x04,0xbd,0x1b,0x8d,0x86,0xce,0x3b,0xef,0xbc,0x7a,0x6d,0xd9,0x1b,
	0x63,0xc5,0x18,0x10,0x63,0x79,0xd5,0x04,0x8c,0xc6,0xf6,0xb4,0x99,0x07,0x04,0x46,
	0xd0,0x6a,0x52,0xdb,0xd0,0xc9,0x79,0xb2,0x1a,0x84,0x62,0x1e,0x44,0x6e,0x24,0x60,
	0xe1,0x8c,0xff,0x0a,0x39,0xaf,0xca,0xf6,0x32,0xfe,0x24,0x09,0xc0,0x19,0x5c,0x03,
	0x20,0x18,0x00,0x26,0x63,0x9b,0x38,0xf0,0xb9,0x8e,0x9d,0x5e,0x17,0x2a,0xad,0xfb,
	0xc2,0xa9,0x5e,0x97,0x20,0xc1,0xf1,0x8e,0xed,0x8f,0xb3,0xb7,0x69,0x5b,0xf9,0x15,
	0x82,0x8e,0x25,0xaf,0x64,0x42,0x16,0xf3,0xa3,0xb0,0x4d,0xa3,0x9e,0x05,0xdd,0xa7,
	0x10,0xba,0x39,0x36,0xe8,0x9f,0xe7,0xb9,0xee,0xb8,0xe3,0x0e,0x2d,0x2c,0x2c,0x28,
	0xb5,0x85,0x6b,0x7c,0x9f,0x56,0x55,0xa5,0xdf,0xf9,0x9d,0xdf,0xa9,0x5f,0x19,0xc6,
	0x86,0x84,0x2c,0xcb,0x74,0xe5,0x95,0x57,0xd6,0xad,0x2c,0x06,0x04,0x03,0x50,0x14,
	0x10,0x29,0x8b,0xa1,0x1e,0x6c,0xb2,0x2e,0x13,0xa2,0x3c,0x46,0xfe,0x57,0x09,0x7e,
	0xc8,0x07,0x48,0x80,0xfa,0x71,0x8e,0xf9,0xbf,0x21,0xf4,0x67,0xe8,0x11,0xf3,0xc7,
	0x36,0x74,0x77,0x87,0xc7,0x65,0x38,0xe2,0xeb,0xee,0x30,0xf8,0x83,0x4b,0x65,0x99,
	0x8e,0xac,0xe3,0x65,0x1f,0x89,0xc0,0x94,0xef,0x31,0xe6,0x7c,0x26,0x36,0x54,0x71,
	0xfd,0xf0,0x69,0xab,0xd5,0xda,0x34,0xab,0xa5,0x1e,0x49,0x26,0xb1,0xb1,0x25,0x94,
	0x86,0xb7,0x7a,0xfd,0xc6,0x6f,0xfc,0x46,0xed,0x9f,0xe5,0xe5,0x65,0x65,0x59,0xa6,
	0x7e,0xbf,0xaf,0x4b,0x2f,0xbd,0xb4,0xf6,0x57,0x9a,0xa6,0xa9,0xfe,0xe4,0x4f,0xfe,
	0x44,0xaf,0x7e,0xf5,0xab,0x25,0x53,0xf6,0x65,0x2f,0x7b,0x99,0xfe,0xea,0xaf,0xfe,
	0x6a,0x13,0x10,0x38,0xa3,0x8c,0xba,0x0c,0xd6,0x7e,0x10,0xee,0x4e,0xf1,0xc0,0x20,
	0x9b,0x70,0x0e,0x9e,0x18,0xec,0x20,0xfd,0x57,0x08,0xbd,0x0a,0xeb,0xb2,0xfe,0xa7,
	0x09,0x9b,0x9d,0x7e,0x9c,0xa3,0xfd,0xb7,0x5f,0x77,0x87,0x83,0x89,0x07,0x14,0xe7,
	0x4b,0x7b,0xc1,0x77,0x2c,0xf7,0xbf,0x43,0x04,0x4a,0xec,0x27,0x3e,0xe3,0xc6,0x52,
	0xd8,0xe3,0xb4,0x95,0xad,0x88,0x70,0x80,0xbf,0xdb,0x56,0x84,0x59,0xf5,0x7b,0xde,
	0xf3,0x1e,0x5d,0x7d,0xf5,0xd5,0x2a,0xcb,0x52,0x4b,0x4b,0x4b,0x6a,0x34,0x1a,0xfa,
	0xcc,0x67,0x3e,0xa3,0x1b,0x6f,0xbc,0xb1,0x0e,0xde,0xe4,0xf4,0xd3,0x4f,0xaf,0x92,
	0x24,0x51,0xbf,0xdf,0x57,0x55,0x55,0xba,0xfc,0xf2,0xcb,0xf5,0xf5,0xaf,0x7f,0x5d,
	0xfb,0xf7,0xef,0x57,0xc7,0xfe,0xfc,0x04,0xa5,0x51,0xa2,0xb2,0x31,0x51,0x33,0xbc,
	0x5b,0x10,0x00,0x13,0x0b,0xca,0x24,0xb4,0x16,0x37,0x8c,0x32,0x18,0xc0,0xb9,0xd4,
	0x5e,0xdb,0xe5,0x8e,0xfb,0xcf,0x28,0x89,0xc6,0x4b,0xff,0x1b,0x84,0x4c,0xb7,0x47,
	0x8c,0x6b,0xac,0xd1,0x61,0x67,0x5c,0x86,0xdf,0x60,0x0b,0x46,0x7e,0xcd,0xcb,0xfe,
	0x24,0x28,0xc6,0xa6,0x15,0xfe,0x50,0x47,0xd1,0x10,0x81,0xdf,0xee,0x37,0x88,0xdf,
	0xd8,0x87,0x7e,0xae,0x37,0x41,0x3e,0x0e,0x6f,0xd4,0x3a,0x7e,0xfc,0xb8,0x5e,0xf3,
	0x9a,0xd7,0xa8,0xdf,0xef,0xeb,0xaf,0xff,0xfa,0xaf,0xd5,0xf0,0xf7,0x83,0x17,0xf6,
	0xf6,0xce,0x57,0xbc,0xe2,0x15,0x5a,0x5d,0x5d,0xd5,0x05,0x17,0x5c,0x50,0x4f,0xdf,
	0xe3,0x80,0x2b,0x6d,0x32,0x00,0x31,0xf6,0xf2,0x00,0x55,0x08,0x28,0xce,0xb9,0x82,
	0x38,0x8f,0x32,0xb4,0x86,0xca,0x1e,0xf8,0xfe,0xbf,0xa1,0xd8,0x69,0xff,0x1b,0x14,
	0x03,0xef,0x36,0x56,0xb6,0xb8,0x0d,0x61,0x37,0x44,0x79,0xce,0x91,0x45,0xe2,0xeb,
	0x3f,0x29,0x82,0x1f,0x32,0x5d,0xc7,0x38,0x39,0xd0,0xbd,0xc6,0xf2,0xf1,0x0b,0x01,
	0xe4,0xfe,0x9d,0x84,0x3d,0x71,0xf0,0xe6,0x37,0xbf,0x59,0x0f,0x3e,0xf8,0xa0,0x1e,
	0x7c,0xf0,0xc1,0x1f,0x49,0x46,0xf5,0x76,0xac,0x2c,0xcb,0xf4,0xe1,0x0f,0x7f,0x58,
	0x53,0x53,0x53,0xfa,0xfc,0xe7,0x3f,0xaf,0xc4,0x32,0x14,0x9f,0x85,0x6d,0x5f,0x62,
	0x3c,0xc4,0xa7,0x97,0x67,0x2b,0x36,0x8a,0xc1,0x1f,0x1e,0x71,0xcb,0xf1,0xdf,0x3f,
	0xa9,0xae,0xe6,0x7f,0x93,0x7c,0x08,0x80,0x3d,0x34,0x2a,0xb0,0xa1,0x61,0x81,0x49,
	0x3c,0x3b,0xfd,0x9f,0xa6,0xba,0xcb,0x8b,0xba,0x57,0xbe,0xcb,0x12,0x86,0xeb,0x19,
	0x53,0x32,0x61,0x2c,0x8a,0x2d,0xf0,0x22,0x50,0x29,0xfb,0xd9,0xcf,0x7e,0x56,0x4f,
	0x7e,0xf2,0x93,0x75,0xf3,0xcd,0x37,0x6f,0xe2,0x5b,0x6e,0xf4,0xa0,0x0f,0x2f,0x2b,
	0xa4,0x69,0xaa,0xd3,0x4e,0x3b,0x4d,0x4d,0x7b,0x71,0x22,0x82,0x08,0xa0,0xd2,0xfe,
	0xbd,0x87,0x45,0x4c,0x5a,0x41,0xb7,0xdb,0xdd,0x94,0xcd,0xe0,0xcb,0x01,0x61,0x78,
	0x66,0xcf,0x94,0x54,0x13,0xee,0x8d,0xfe,0xb4,0x10,0x4e,0xa3,0x31,0xe3,0x5c,0xb7,
	0x8b,0x32,0x38,0x77,0x6c,0x7f,0xa5,0xf5,0x3f,0x4d,0xf8,0xc3,0x9d,0x9f,0xda,0x86,
	0x57,0xd9,0x18,0x9c,0x32,0xc4,0x05,0x36,0xa1,0x27,0x76,0x7a,0xc6,0xa6,0x1b,0x27,
	0xf8,0x4a,0x9b,0x23,0x54,0x55,0xa5,0xfd,0xfb,0xf7,0x6b,0xd7,0xae,0x5d,0xea,0xf5,
	0x7a,0x41,0xa3,0x0d,0x9f,0x27,0x49,0xa2,0xec,0xa4,0x93,0x4e,0xda,0x03,0x53,0x14,
	0x79,0xe0,0x81,0x07,0x36,0x01,0x89,0x92,0x9c,0xa3,0x85,0xd3,0xba,0xa9,0x8b,0x50,
	0x80,0xf5,0x32,0x9c,0x73,0x10,0x1c,0x18,0x00,0xc0,0xe0,0x9f,0x46,0xa2,0xd1,0x42,
	0xb1,0xbd,0xf1,0xb5,0xff,0x2d,0xf2,0xec,0x87,0x5c,0x4f,0x14,0x1e,0x6c,0xb1,0xbe,
	0xee,0x3b,0xea,0x51,0xc7,0x1b,0x5e,0xcc,0x97,0x83,0x19,0xf2,0x60,0x30,0xd0,0xf7,
	0xbf,0xff,0xfd,0x4d,0x3e,0xae,0xaa,0x6a,0x63,0x4b,0x7e,0x62,0x8b,0x9b,0x0f,0x3d,
	0xf4,0xd0,0xa6,0xee,0x01,0xe5,0x88,0x6c,0xfa,0x7f,0xb2,0x15,0xca,0xc5,0x2d,0x5c,
	0x36,0x3b,0x44,0x46,0x12,0x82,0x95,0xf5,0x34,0x59,0x50,0x93,0xd6,0x27,0x39,0xeb,
	0xa7,0x85,0x26,0xe9,0x3e,0xe9,0xdc,0xff,0x56,0xf0,0x11,0x4c,0xb1,0x9f,0x70,0x3e,
	0xfe,0xe2,0x5a,0x19,0x65,0x2e,0x78,0xb0,0x43,0x9e,0x60,0x74,0xf2,0x84,0x11,0xdb,
	0xea,0xbf,0xef,0xbd,0xf7,0xde,0x7a,0xbb,0x16,0x54,0xb2,0x0e,0x88,0x62,0x45,0x51,
	0xe8,0x8a,0x2b,0xae,0xa8,0x15,0xa7,0x30,0x5d,0x08,0x41,0x13,0x67,0x3f,0x82,0x0f,
	0x8a,0xd7,0x85,0x30,0x18,0x7e,0xc3,0xf0,0x27,0x37,0xf0,0x90,0x05,0xf8,0xa3,0xf4,
	0x93,0xa5,0x38,0xd8,0x1f,0x09,0x63,0x8f,0x03,0x7c,0x45,0x70,0x0d,0xc2,0x5f,0x2e,
	0x38,0x2f,0x2f,0xcb,0x77,0x86,0x54,0x4e,0x45,0x58,0x92,0xb9,0xf2,0xca,0x2b,0x55,
	0x86,0x47,0x31,0xa9,0xdf,0x6c,0x36,0x95,0x9c,0x76,0xda,0x69,0xf5,0x3f,0x25,0x55,
	0xd1,0xdf,0x6f,0x71,0x9e,0xe0,0x20,0x58,0x08,0x38,0x1f,0x68,0x43,0xb4,0x22,0xce,
	0x27,0xd1,0x76,0x7d,0x37,0x22,0x0d,0xf7,0x22,0x33,0x7b,0xe1,0xb6,0xb7,0x90,0x47,
	0xe9,0xbf,0x4f,0xf8,0x2f,0x3e,0x07,0xbe,0x5c,0x77,0xdf,0x73,0xdd,0x7d,0xc7,0x77,
	0xca,0x52,0x97,0x60,0xa3,0x2e,0x65,0xfc,0x1c,0xdf,0xd3,0xf0,0xea,0xe7,0x46,0xd8,
	0xb4,0x4a,0x96,0xcd,0xd8,0x8c,0xb0,0xb4,0xb4,0x54,0x33,0x78,0xe3,0x1b,0xdf,0xb8,
	0x29,0x08,0x08,0x3e,0x5a,0x43,0x12,0x66,0x74,0x0a,0xd1,0xcd,0x60,0x9a,0xdf,0x64,
	0x3e,0x57,0xda,0xb3,0xdd,0xa4,0xa0,0x2e,0xc2,0x6e,0x5c,0x07,0x24,0x26,0x0c,0x79,
	0x94,0xfe,0x73,0xc2,0x57,0x32,0xdc,0xf8,0x24,0x71,0xe0,0x13,0x45,0x4b,0x40,0xde,
	0x5d,0xe3,0xbb,0x24,0x6c,0xda,0xa5,0x1c,0x99,0x0f,0x1f,0x7a,0x8c,0xc8,0x92,0x10,
	0x9f,0xfd,0x7e,0x5f,0xd7,0x5d,0x77,0x9d,0x14,0x12,0xd0,0x30,0xfc,0x1d,0x70,0x9e,
	0xe7,0xca,0x9e,0xf0,0x84,0x27,0xec,0xb9,0xfe,0xfa,0xeb,0x75,0xf6,0xd9,0x67,0xeb,
	0xf6,0xdb,0x6f,0xd7,0xb9,0xe7,0x9e,0xab,0x6f,0x7d,0xeb,0x5b,0x9b,0xb2,0x5b,0x1a,
	0xba,0x59,0x7e,0x67,0xf6,0x2a,0xb6,0xc4,0xa6,0xe1,0x74,0xcd,0x10,0x75,0x88,0x76,
	0x82,0xcb,0x3f,0x91,0x33,0x69,0xdd,0x2c,0x26,0xc0,0x78,0x94,0x7e,0x3c,0xe1,0x2f,
	0xfc,0x03,0xd1,0xcb,0x80,0x73,0x62,0xfb,0x37,0x27,0x35,0xee,0x49,0xe7,0xe3,0x98,
	0x20,0x50,0x29,0x87,0xbc,0xc4,0x26,0x21,0x0a,0x1b,0x82,0x0f,0x1c,0x38,0xa0,0xb7,
	0xbe,0xf5,0xad,0xba,0xf0,0xc2,0x0b,0xd5,0xef,0xf7,0xf5,0xbb,0xbf,0xfb,0xbb,0x4a,
	0xef,0xbf,0xff,0x7e,0xbd,0xe1,0x0d,0x6f,0xd0,0xd6,0xad,0x5b,0x37,0xbd,0x01,0x9f,
	0x56,0xa0,0x10,0xb5,0x45,0x74,0x37,0x24,0x36,0x8e,0x32,0x55,0x58,0x8e,0x41,0x09,
	0x82,0x10,0xf2,0x00,0x0d,0x29,0xb8,0x56,0xb4,0x69,0x7b,0x0d,0x49,0xf1,0x63,0xfb,
	0x9f,0x59,0x5a,0xda,0xa3,0xf4,0xc8,0x44,0x80,0xd0,0x58,0x63,0x3f,0x11,0x70,0x24,
	0x01,0xf0,0x4c,0xc3,0x1c,0x80,0xc0,0xf1,0x43,0xd6,0x13,0x7a,0x4c,0x78,0x19,0x62,
	0x02,0x1d,0x08,0xcc,0xc4,0xba,0xeb,0xb5,0xb5,0x35,0x49,0xd2,0xdb,0xdf,0xfe,0x76,
	0x7d,0xeb,0x5b,0xdf,0xd2,0x9b,0xde,0xf4,0x26,0xa5,0x53,0x53,0x53,0xba,0xe6,0x9a,
	0x6b,0xf4,0x8e,0x77,0xbc,0x63,0x53,0x45,0x17,0x4a,0xc4,0xc7,0xce,0x8f,0x5b,0x01,
	0xf5,0xf8,0x3b,0x2d,0x57,0x62,0x92,0xc2,0x55,0xb4,0xf6,0x07,0xff,0x6a,0xc2,0xc3,
	0xe7,0xe8,0x80,0xbc,0x47,0xe9,0x3f,0xa7,0x24,0xca,0x60,0x69,0x18,0x73,0xd3,0xdb,
	0x54,0x96,0xb9,0xca,0xe8,0xf1,0xd4,0x74,0xc2,0x46,0x5c,0xbf,0x96,0xd8,0x5a,0x27,
	0x41,0x8e,0x6f,0x58,0xd1,0xc8,0xec,0x0f,0xc8,0xf3,0x3c,0x57,0xb7,0xdb,0xd5,0x0d,
	0x37,0xdc,0xa0,0x57,0xbc,0xe2,0x15,0xca,0xb2,0x4c,0x27,0x9d,0x74,0x92,0xd2,0xf9,
	0xf9,0x79,0x7d,0xe4,0x23,0x1f,0xd1,0xd4,0xd4,0x54,0x1d,0x10,0x79,0xf4,0xa6,0x23,
	0x5a,0x0d,0x44,0x1a,0x27,0x38,0xb9,0x46,0x60,0x35,0xec,0x9d,0xc7,0x94,0xc5,0x68,
	0xca,0xb8,0xc2,0x10,0xe5,0xe1,0xe7,0xb3,0x69,0x3f,0xef,0xba,0x3c,0x4a,0x0f,0xd3,
	0x23,0x05,0x8e,0x2c,0x63,0xd1,0x25,0xa6,0x61,0x39,0x0c,0xfc,0xf1,0x23,0x3c,0x92,
	0x30,0x2c,0x22,0x98,0xe0,0xef,0xfc,0x38,0x87,0x8f,0xa9,0xcf,0x78,0x1e,0x3e,0x4d,
	0xfb,0xd3,0xc7,0x6f,0x7c,0xe3,0x1b,0xfa,0xcb,0xbf,0xfc,0x4b,0x3d,0xfd,0xe9,0x4f,
	0xd7,0x53,0x9e,0xf2,0x14,0x25,0xbb,0x77,0xef,0xae,0xe8,0x7a,0xaf,0xba,0xea,0x2a,
	0x2d,0x2f,0x2f,0x6b,0x7a,0x7a,0x5a,0xf7,0xdf,0x7f,0xbf,0x56,0x56,0x56,0xb4,0x77,
	0xef,0xde,0x5a,0x30,0xc6,0x11,0x4c,0xae,0x34,0x4a,0x95,0x61,0xaa,0x3d,0x0a,0x2f,
	0xab,0x71,0x03,0x51,0x6a,0x1c,0xfd,0x67,0x2c,0x81,0x0c,0x20,0xf0,0x21,0xf8,0xc8,
	0x84,0xfc,0x7e,0x94,0x26,0x93,0xaf,0xad,0x82,0xb5,0x0f,0x9d,0xb8,0xc6,0xad,0x52,
	0x82,0x23,0xb7,0x3f,0x10,0xf4,0x84,0x40,0x19,0x7a,0x26,0x78,0xc9,0xf8,0x29,0xd4,
	0xa1,0x9b,0xa5,0x7e,0x51,0x14,0xf5,0x5f,0xd2,0xbe,0xe8,0x45,0x2f,0x52,0xb7,0xdb,
	0xd5,0xe2,0xe2,0xa2,0x3e,0xf8,0xc1,0x0f,0x6a,0x30,0x18,0x68,0x66,0x66,0x66,0xe3,
	0xd1,0xd8,0x2b,0xaf,0xbc,0x72,0xcf,0xf7,0xbf,0xff,0x7d,0xfd,0xf0,0x87,0x3f,0xd4,
	0x03,0x0f,0x3c,0xa0,0x33,0xce,0x38,0x43,0x1f,0xf8,0xc0,0x07,0x74,0xfb,0xed,0xb7,
	0xeb,0xbe,0xfb,0xee,0xdb,0x64,0x14,0x8c,0x31,0xae,0xb2,0xff,0x97,0x2d,0xc3,0x22,
	0xb5,0x67,0xba,0xcc,0xf6,0x09,0x3a,0x79,0xd0,0x12,0x58,0xc8,0xf1,0x32,0x50,0x35,
	0xe1,0xf5,0x6f,0x8f,0xd2,0x66,0xc2,0x1f,0x31,0x6e,0xb2,0x71,0x21,0x8d,0xdb,0x0f,
	0xd9,0xff,0xfd,0xe2,0x0b,0xca,0x26,0xa1,0x9b,0x85,0x37,0xe7,0x52,0xeb,0xa9,0x62,
	0x7f,0x10,0xac,0x49,0x92,0xe8,0xcb,0x5f,0xfe,0xb2,0x7e,0xf0,0x83,0x1f,0x68,0xdf,
	0xbe,0x7d,0xda,0xb1,0x63,0x87,0x7e,0xef,0xf7,0x7e,0x4f,0x79,0x9e,0x6b,0xf7,0xee,
	0xdd,0xda,0xb5,0x6b,0x97,0xbe,0xf6,0xb5,0xaf,0x29,0xbb,0xef,0xbe,0xfb,0xf6,0x30,
	0x38,0xec,0xf7,0xfb,0x7a,0xce,0x73,0x9e,0xa3,0x7f,0xfd,0xd7,0x7f,0xad,0x17,0x0c,
	0xdd,0xf1,0xb4,0x00,0xa2,0x1d,0xe1,0x08,0x25,0xf8,0x50,0xba,0x8c,0x6e,0xd9,0xa1,
	0x7c,0x15,0x2d,0x62,0x3a,0xc1,0x0b,0x03,0x91,0xed,0x60,0x3e,0x4a,0x9b,0x09,0x4c,
	0xe2,0x61,0x0a,0xb8,0x39,0xfe,0x59,0x18,0x97,0x51,0x86,0xee,0x1a,0x5f,0x80,0x7f,
	0x65,0x2b,0x14,0xb2,0x8c,0xf7,0x48,0x7e,0xf3,0xf8,0xf0,0x84,0x93,0x65,0x99,0x8e,
	0x1c,0x39,0xa2,0x5e,0xaf,0xa7,0x83,0x07,0x0f,0x6a,0x75,0x75,0x55,0xf7,0xdc,0x73,
	0x8f,0xee,0xbf,0xff,0x7e,0x5d,0x7d,0xf5,0xd5,0x1b,0x5b,0xf2,0xcf,0x3a,0xeb,0x2c,
	0xbd,0xfb,0xdd,0xef,0xd6,0x28,0xfc,0x3d,0x83,0x0b,0x25,0x68,0xb2,0xe8,0xe5,0x3f,
	0xb4,0x12,0xa7,0x38,0x60,0x08,0xd4,0x46,0xf4,0x70,0xb7,0xb7,0x56,0xce,0x43,0xae,
	0x3c,0x60,0xc8,0xc6,0x30,0x8f,0xd2,0x23,0x53,0x39,0x61,0xa6,0xea,0x49,0x40,0xe1,
	0x2e,0x94,0x2c,0x68,0xf3,0x7c,0xe3,0x61,0x72,0x0f,0x56,0xfc,0xed,0x84,0xaf,0xbc,
	0x2e,0xe7,0x38,0xd2,0x68,0x7b,0x16,0xbf,0xd3,0xf0,0x47,0xd6,0x69,0x9a,0xea,0x1d,
	0xef,0x78,0x47,0xfd,0xf0,0xfb,0x47,0x3e,0xf2,0x91,0x8d,0x57,0x73,0x6c,0xdb,0xb6,
	0xad,0xde,0x40,0xea,0xe3,0x30,0x17,0xe4,0x83,0x51,0x98,0xc6,0x01,0xe2,0x63,0x89,
	0xc4,0x16,0x9b,0xf5,0x08,0x6f,0x5f,0x82,0xe0,0x45,0x4b,0xa5,0x9c,0xf3,0x86,0xe7,
	0xa3,0xb4,0x99,0xc0,0x2b,0x89,0xb6,0x78,0xb1,0xba,0x50,0x45,0x3d,0x92,0x2c,0xb1,
	0x90,0x54,0x08,0xd0,0x6a,0xc2,0x7a,0x1e,0xdf,0x3d,0xa8,0x39,0x87,0x6c,0x7a,0x49,
	0x2f,0x8f,0x2f,0x29,0xc3,0xbc,0xa0,0xdb,0xed,0xaa,0xdd,0x6e,0x6b,0x7d,0x7d,0x5d,
	0xd7,0x5c,0x73,0x8d,0xd2,0x77,0xbe,0xf3,0x9d,0xba,0xe4,0x92,0x4b,0x74,0xed,0xb5,
	0xd7,0xaa,0xd7,0xeb,0x6d,0x4c,0x8d,0x6d,0xd1,0xd9,0x05,0x17,0xd1,0x5a,0x9c,0x77,
	0xaf,0xc5,0x84,0x5b,0x69,0xd4,0x27,0x78,0x09,0x6c,0x4d,0x18,0xc4,0x52,0x16,0xa5,
	0xfd,0x3b,0xad,0xd1,0x83,0xf6,0x51,0x7a,0x38,0x30,0x08,0x36,0x66,0xad,0xde,0x15,
	0x12,0x00,0x94,0xc7,0x47,0x1e,0x84,0x0c,0x9d,0x9c,0xf0,0x33,0xfe,0xe3,0xb7,0x67,
	0x46,0xfc,0xe9,0xc9,0xc9,0xc9,0xe5,0x30,0xcc,0xfb,0xc3,0x3f,0xfc,0x43,0xbd,0xed,
	0x6d,0x6f,0xd3,0x3b,0xdf,0xf9,0x4e,0xbd,0xf7,0xbd,0xef,0x55,0xf2,0xd8,0xc7,0x3e,
	0xb6,0x62,0xb3,0xe4,0xf6,0xed,0xdb,0xf5,0xd2,0x97,0xbe,0x54,0x1f,0xfa,0xd0,0x87,
	0x74,0xe2,0xc4,0x89,0x9a,0x29,0x9f,0x85,0xdd,0x89,0xa8,0x6c,0x46,0x0b,0x10,0x28,
	0x9c,0xd9,0xbd,0x5d,0x02,0x89,0xcf,0xd2,0xb6,0xef,0xf8,0x79,0x88,0x3a,0x18,0x0b,
	0xc0,0x7e,0xed,0x51,0xda,0x20,0xf7,0x05,0x89,0x40,0x16,0x78,0xf4,0x3a,0x65,0x78,
	0xb8,0x08,0x4c,0xf9,0x24,0x68,0xe3,0xc4,0x41,0xc0,0x92,0x41,0x63,0x9f,0x43,0x7e,
	0xde,0x89,0xdf,0xf8,0xf9,0xb2,0xcb,0x2e,0xd3,0x05,0x17,0x5c,0xa0,0x37,0xbd,0xe9,
	0x4d,0x2a,0xed,0x9f,0x09,0x8a,0xa2,0x50,0x36,0x33,0x33,0xb3,0x87,0x14,0xba,0xbc,
	0xbc,0xac,0x24,0x49,0xb4,0x6f,0xdf,0x3e,0x29,0x5a,0x9c,0x6c,0x86,0x47,0xfc,0x12,
	0x8b,0x6a,0x7e,0x13,0x48,0x04,0x9f,0x2c,0x45,0x13,0x70,0x10,0xe7,0xb8,0x1e,0x1f,
	0x04,0x1c,0xc6,0xc6,0xc6,0x60,0xf4,0xa3,0xf4,0xb0,0xa3,0xc1,0x05,0x1f,0x40,0xf8,
	0x82,0x2c,0x47,0x30,0x92,0x31,0xc1,0x92,0xcf,0x47,0xc2,0x97,0x73,0xf8,0xdd,0x03,
	0x31,0x99,0xb0,0x67,0xd4,0x63,0xa1,0x2c,0x4b,0x7d,0xe7,0x3b,0xdf,0x51,0xbb,0xdd,
	0xd6,0xf7,0xbf,0xff,0xfd,0x7a,0x3e,0x40,0xb2,0x4a,0x15,0x45,0xf6,0x85,0x17,0x5e,
	0xa8,0xc1,0x60,0x50,0x17,0x28,0x43,0xea,0xf5,0x96,0xe2,0x4a,0xfa,0xef,0x24,0xb4,
	0x3a,0x6f,0x8d,0x2e,0x0c,0x7e,0xc8,0xc2,0x60,0x94,0x46,0x56,0x62,0x8b,0x9b,0x8a,
	0x66,0x77,0x8f,0xd2,0x06,0x81,0x91,0xe3,0x9c,0xda,0xa0,0x9f,0x06,0xcb,0x77,0xdf,
	0xbd,0x1e,0x5f,0x57,0xf0,0x05,0x01,0x4b,0x66,0xc4,0x3f,0x94,0xc3,0x1f,0x49,0xb4,
	0xe3,0x1b,0xdf,0xf9,0x75,0xaf,0x97,0xa6,0xa9,0x2e,0xbe,0xf8,0x62,0xa5,0x36,0x0e,
	0x45,0xef,0x6c,0x76,0x76,0x76,0x4f,0x65,0xcf,0xf1,0x0e,0x87,0x43,0x1d,0x3f,0x7e,
	0x7c,0xe3,0xa2,0xfd,0xbd,0x93,0x0b,0x40,0x69,0x82,0xc5,0x0d,0x81,0xf9,0x38,0x3c,
	0xe8,0xe4,0x00,0x51,0x96,0xc3,0x79,0x51,0xc6,0x8d,0xe6,0x3a,0x2d,0xc9,0xcb,0xfd,
	0xac,0x93,0x07,0x0e,0x38,0x13,0x18,0x5c,0xc3,0x6f,0x8e,0x31,0x44,0x79,0x05,0x3f,
	0x13,0x60,0x49,0xd4,0xf8,0x29,0x17,0x07,0x8e,0xd7,0xc7,0x5f,0x04,0xb0,0x97,0x2b,
	0xc3,0x8d,0x89,0x43,0x87,0x0e,0x6d,0x7a,0xeb,0x86,0xe9,0xf8,0xb0,0xb2,0x92,0x74,
	0xf1,0xc5,0x17,0x4f,0x7c,0xc3,0x80,0x07,0x4d,0x65,0x11,0xef,0x01,0x83,0x52,0x55,
	0x98,0x4d,0x2b,0x52,0x18,0xc2,0xc8,0x18,0x98,0xca,0x56,0xef,0xe1,0x5d,0x85,0x41,
	0xee,0xa3,0xb4,0x99,0xdc,0x6f,0x55,0x78,0x73,0x55,0x92,0x24,0xf5,0xae,0x63,0x0f,
	0x28,0x82,0x27,0xf6,0xa9,0xcc,0x17,0xee,0x3b,0xc7,0xdb,0x13,0x8f,0xfb,0x9d,0xdf,
	0x1c,0x1e,0x7c,0x4e,0x9c,0x7f,0xe6,0x33,0x9f,0x59,0x27,0x13,0xa8,0x64,0x47,0xb4,
	0xc2,0x7a,0x50,0x12,0x9e,0x0f,0x86,0xa8,0x80,0x62,0x18,0x54,0x4c,0x78,0xb2,0xcd,
	0x3f,0xd3,0x28,0xcd,0x23,0xcc,0x01,0x70,0x1e,0x64,0x52,0x78,0x00,0xae,0x5f,0xf7,
	0xba,0xe8,0xf2,0xb3,0x4a,0x04,0x15,0x58,0x55,0x61,0x8f,0x1d,0xe7,0x53,0xbb,0x0f,
	0x0c,0x96,0xb1,0x8f,0x9c,0x17,0x09,0x87,0xc0,0xe5,0x93,0xeb,0x7e,0x38,0x0f,0xca,
	0x79,0xc6,0xe4,0xbc,0x07,0xda,0x70,0x38,0xac,0xdf,0x0b,0xe8,0xf1,0x94,0xa6,0xe9,
	0xc6,0x33,0x21,0x28,0x7d,0xe9,0xa5,0x97,0xea,0xfe,0xfb,0xef,0xd7,0x13,0x9f,0xf8,
	0x44,0x95,0xe1,0x6d,0x59,0xb4,0x1e,0x02,0x2a,0xb3,0x97,0x4f,0x23,0xd8,0x95,0xe6,
	0xd3,0x03,0x87,0x7a,0x1c,0xa9,0xfd,0x6f,0x85,0x2b,0x8d,0x81,0x7c,0x3a,0xb9,0x9e,
	0xa5,0x6d,0x78,0xfc,0x59,0xa6,0x24,0x7a,0x2b,0x05,0xdd,0x6f,0x8c,0x0d,0x98,0x83,
	0x9d,0xfb,0x86,0x55,0x0c,0xf0,0xc5,0x5f,0xf0,0xe2,0xf7,0x24,0x82,0x0f,0xe4,0x3e,
	0x94,0x65,0xe7,0xeb,0xaf,0xbf,0x5e,0xdf,0xfc,0xe6,0x37,0x6b,0xbe,0x94,0x0d,0x7a,
	0x3d,0xac,0xd8,0x43,0x0f,0x3d,0xa4,0xf9,0xf9,0x79,0x3d,0xf1,0x89,0x4f,0x54,0x62,
	0x7b,0xf4,0xe2,0xc8,0xaf,0x26,0x8c,0x3b,0xdc,0x28,0x94,0xaa,0xa2,0x6e,0x99,0xc1,
	0x6d,0x19,0x26,0x35,0xc8,0x55,0x34,0xe5,0x07,0x10,0x14,0x45,0xc7,0xd4,0x5a,0xb6,
	0x8f,0x2f,0x7f,0x56,0xc8,0xb1,0x14,0x5d,0x58,0x94,0xed,0x98,0x91,0x7a,0xd0,0x38,
	0xc6,0x3f,0xd2,0x05,0x86,0x3a,0x04,0x2d,0x9f,0x24,0x17,0xfc,0x4b,0xe0,0x50,0xcf,
	0x7b,0x30,0xae,0x55,0xd1,0x3b,0x81,0xd2,0x34,0xd5,0xca,0xca,0x8a,0xfe,0xf4,0x4f,
	0xff,0x54,0xdb,0xb6,0x6d,0xd3,0xbb,0xdf,0xfd,0x6e,0x65,0x61,0x3c,0x3f,0x0e,0xaf,
	0x6d,0x4b,0x29,0xf8,0xf6,0xb7,0xbf,0x5d,0xb7,0xdc,0x72,0x8b,0xe6,0xe6,0xe6,0xf4,
	0x89,0x4f,0x7c,0x42,0xaf,0x7e,0xf5,0xab,0xb5,0xb6,0xb6,0xf6,0xf0,0xd6,0xe9,0x2c,
	0xab,0x5f,0xd5,0xa1,0x28,0x35,0xb3,0x02,0x9f,0x86,0x17,0x22,0xb2,0x41,0xc1,0x41,
	0xa8,0xa2,0x77,0xe6,0x65,0x61,0x82,0xe3,0x80,0x02,0x24,0x00,0xc0,0x1f,0xde,0x18,
	0x8b,0x11,0x7e,0xfd,0x67,0x8d,0x2a,0xeb,0x7e,0xbd,0xc1,0x2b,0xe0,0xc7,0x38,0x0e,
	0xcc,0x78,0x3d,0x5a,0x69,0x37,0x12,0x08,0x5e,0xb0,0x56,0xe4,0x03,0x78,0x78,0x02,
	0xf0,0x5e,0x0c,0xfc,0xd1,0x03,0x1f,0x23,0xb7,0xdf,0xef,0xeb,0xa3,0x1f,0xfd,0xa8,
	0x96,0x96,0x96,0xd4,0x6c,0x36,0xf5,0x9a,0xd7,0xbc,0x46,0xbb,0x77,0xef,0xae,0xe3,
	0x40,0xd2,0xc6,0x5f,0x75,0xfd,0xc2,0x2f,0xfc,0x82,0xde,0xf4,0xa6,0x37,0x49,0x92,
	0x6e,0xbd,0xf5,0x56,0x35,0x1a,0x0d,0xbd,0xef,0x7d,0xef,0xd3,0x59,0x67,0x9d,0x25,
	0x88,0xb7,0x67,0xa1,0x14,0x01,0x80,0xc0,0xf6,0xc6,0x5f,0x6f,0x6e,0x6a,0x19,0x2e,
	0xc8,0x5b,0x1e,0xdd,0x2f,0x9f,0x1e,0xcc,0x10,0x46,0x62,0x18,0x81,0x47,0x39,0xd6,
	0x2e,0x01,0xfd,0xff,0x77,0x72,0x8c,0xc0,0x89,0x20,0x24,0x30,0xfc,0xbb,0xef,0x2e,
	0x07,0x63,0xc8,0x71,0x04,0x3f,0x7c,0xe1,0x3c,0x9b,0xf6,0x3a,0x3a,0x68,0x52,0xc3,
	0xe7,0x9c,0x82,0x4e,0xe3,0x70,0x47,0xe6,0xfa,0xeb,0xaf,0xd7,0x1b,0xde,0xf0,0x06,
	0x35,0x1a,0x0d,0x2d,0x2c,0x2c,0x68,0x6a,0x6a,0x4a,0x77,0xdd,0x75,0x57,0x9d,0x41,
	0xd3,0x34,0xdd,0x58,0x07,0xfc,0xea,0x57,0xbf,0xaa,0xa9,0xa9,0x29,0x8d,0x46,0x23,
	0x3d,0xe3,0x19,0xcf,0x50,0x92,0x24,0xea,0x74,0x3a,0x3a,0x74,0xe8,0x50,0x2d,0xa4,
	0xd5,0x6a,0x69,0x75,0x75,0x55,0x89,0x0d,0x80,0x3d,0x2d,0xd3,0xa5,0xc6,0x8a,0x55,
	0xb6,0xb8,0x89,0xa2,0x64,0xdd,0xc4,0xee,0x47,0x62,0x14,0xbf,0x27,0x95,0x71,0xa0,
	0x27,0x75,0x35,0xff,0xbf,0x12,0x76,0x82,0x87,0x63,0x95,0x46,0x7f,0xda,0x08,0x56,
	0xde,0x30,0x29,0xef,0x04,0x2f,0x1a,0xb1,0xe3,0xed,0x07,0x84,0x4f,0x64,0x93,0xc0,
	0xc4,0x76,0xc0,0x50,0x06,0x1f,0x55,0x55,0xa5,0x3d,0x7b,0xf6,0x68,0x34,0x1a,0x69,
	0x30,0x18,0x68,0xdb,0xb6,0x6d,0x2a,0xcb,0x52,0x47,0x8f,0x1e,0xad,0x93,0x58,0x92,
	0x24,0x0f,0xff,0x4f,0x48,0x51,0x14,0xda,0xbe,0x7d,0xbb,0xd6,0xd7,0xd7,0xeb,0x71,
	0x1a,0x4a,0xa4,0xb6,0xb5,0x0a,0x72,0x25,0x09,0x02,0x82,0xc2,0x0f,0x5a,0x10,0x06,
	0x3a,0x90,0x18,0xe1,0x32,0x18,0x14,0xf3,0x5b,0xf6,0xea,0x07,0x78,0x00,0x6e,0xf2,
	0x33,0xd8,0xfd,0xe2,0x5c,0x6f,0x78,0x45,0xd8,0xc5,0x5e,0xd8,0xd3,0x6d,0x04,0x24,
	0x01,0xc1,0xd1,0x0c,0xef,0xfa,0xc3,0x0f,0x94,0xa3,0x6c,0x9c,0x09,0xf1,0x21,0x65,
	0x5d,0xae,0x67,0x3e,0xd9,0x30,0x8b,0xcf,0xf1,0x78,0xac,0x56,0xab,0xa5,0x8b,0x2e,
	0xba,0x48,0x5b,0xb6,0x6c,0xd1,0x60,0x30,0xa8,0xcf,0xc3,0xa7,0x7e,0x30,0xbd,0xd1,
	0x68,0xe8,0xd0,0xa1,0x43,0xf5,0xa4,0x83,0x02,0x04,0x0f,0x02,0x5d,0x70,0x65,0x13,
	0x0b,0xdf,0x98,0xea,0xca,0x73,0x9f,0x99,0xf2,0x04,0x37,0xc1,0xea,0x2d,0x48,0x13,
	0x96,0x0d,0x64,0x3a,0xa4,0xb6,0x9b,0x1a,0x59,0x31,0x08,0x71,0xdd,0x9f,0x76,0xc2,
	0x36,0x3e,0xf1,0x01,0x7e,0xf3,0x80,0xc0,0xf9,0x60,0xed,0x07,0xe7,0x28,0x97,0x58,
	0x06,0xa5,0xde,0x38,0xdc,0xfd,0xc0,0x9f,0xd4,0x43,0x26,0x84,0x2e,0xd4,0x55,0x34,
	0xd6,0x24,0x7e,0x7a,0xbd,0x9e,0x8a,0xa2,0xd0,0xed,0xb7,0xdf,0xae,0x2d,0x5b,0xb6,
	0xd4,0x73,0x08,0xde,0xb4,0x50,0x96,0xe5,0x46,0x17,0x4c,0xb0,0xb4,0xdb,0x6d,0xb5,
	0xec,0x2f,0x95,0x50,0x9e,0x32,0x94,0xe3,0xd3,0xc7,0x08,0x1e,0x68,0x8a,0x76,0x4e,
	0xbb,0xc2,0xa9,0x4d,0x26,0x08,0x56,0x94,0xf1,0xef,0x1e,0xec,0x00,0x11,0x07,0x2d,
	0xe0,0xc7,0x00,0x4d,0xa2,0x64,0x42,0xb7,0xf2,0xd3,0x42,0x60,0xe6,0x58,0x70,0x80,
	0x79,0x66,0xb3,0x4b,0xb0,0x8d,0x89,0xf2,0xd4,0xc1,0x47,0xce,0x93,0xf5,0x60,0x7a,
	0x9d,0x3c,0xfc,0xdb,0x66,0x69,0x3d,0x18,0x7e,0xf2,0xba,0x3e,0x9e,0xe7,0xba,0x82,
	0xee,0x79,0x9e,0xeb,0xd8,0xb1,0x63,0x75,0xb0,0x52,0x37,0x65,0x0c,0x48,0x05,0x5e,
	0x58,0xc8,0xf3,0x1c,0x4e,0x28,0x01,0x10,0x7e,0xa0,0x58,0x9c,0xbe,0x9d,0x70,0x7c,
	0x2d,0xd8,0x82,0xb9,0xb4,0x67,0x8d,0x51,0xd2,0xbb,0x09,0x37,0x9a,0x6b,0xf0,0xf3,
	0x32,0xfc,0x76,0x07,0x21,0xc3,0x3f,0xa9,0xfb,0xd3,0x40,0xd8,0x05,0xd6,0x0a,0x18,
	0x3a,0xfe,0xf8,0x46,0xf6,0x5c,0x88,0x07,0x2c,0x9f,0xf4,0x56,0x7c,0xca,0x82,0x92,
	0x60,0x02,0xeb,0x2a,0x7a,0x7f,0xa0,0xe3,0x0f,0x96,0x8e,0xa7,0xf3,0xa0,0x0e,0x89,
	0xa2,0xaa,0x2a,0xcd,0xce,0xce,0xd6,0xbf,0xd1,0x37,0x49,0xc2,0x3f,0x25,0xf1,0x23,
	0x8b,0xfe,0xb4,0x1a,0xa5,0xbd,0xa5,0xb0,0x6a,0xee,0x42,0x38,0xc6,0xb6,0xa8,0x89,
	0xc2,0x38,0x9b,0x3a,0x28,0x4d,0xda,0xaf,0xaa,0xaa,0x9e,0x41,0x23,0x0f,0xd0,0x3d,
	0x50,0xdc,0x60,0xe7,0x97,0x44,0x99,0x7a,0x52,0xab,0xe6,0x9a,0x3b,0x02,0x1e,0xf0,
	0xa5,0x0e,0x65,0x27,0x91,0xf3,0xfd,0x9f,0x26,0x74,0x57,0xd0,0xdb,0xf1,0xe2,0xc0,
	0x0e,0xca,0x3a,0x16,0x31,0xc6,0xd8,0x5a,0x45,0x81,0xe9,0xeb,0x76,0xc4,0x01,0x3c,
	0xa1,0xb8,0x9b,0x4d,0x82,0x8f,0x5d,0x3e,0x32,0x13,0x1b,0xbe,0x21,0x3f,0x4d,0xd3,
	0xfa,0x0d,0xbc,0x69,0x74,0x77,0xad,0xee,0x82,0xd3,0xf0,0xfe,0x8e,0x4e,0xa7,0xa3,
	0x3c,0xdf,0xd8,0xa6,0x8d,0x30,0x98,0xa6,0xd1,0x9b,0xad,0x5c,0xb8,0x42,0xeb,0x2b,
	0xec,0x6f,0xd9,0x69,0x65,0xa5,0x2d,0x2a,0x53,0x56,0x96,0xad,0xe2,0x80,0x75,0x30,
	0xfd,0x3a,0x20,0x71,0x70,0x0e,0x60,0xbd,0x2e,0xf5,0x5d,0x1e,0xbc,0x5c,0x3e,0x0e,
	0xf0,0xfa,0x50,0x5c,0x97,0xac,0xec,0xe7,0xb9,0xe6,0xf5,0xfe,0x5f,0x29,0x31,0x27,
	0x3a,0x46,0x38,0xd4,0xaf,0xf3,0x5b,0xb6,0x0b,0x9a,0xe0,0xc0,0x7f,0x04,0x10,0xdf,
	0x5d,0xdf,0xd8,0x1e,0x6f,0xc0,0x8e,0x15,0xc4,0x35,0x74,0xa0,0x1c,0x3c,0xd1,0x8b,
	0x18,0x48,0x43,0x0f,0xb7,0x65,0xcb,0x16,0x25,0x36,0x8c,0xa2,0xc7,0x4b,0x71,0x64,
	0x11,0xde,0x62,0xc4,0x3f,0xd9,0x8c,0xc2,0xff,0x63,0xa0,0x10,0xc2,0x4b,0x6b,0x35,
	0x0e,0x7a,0x65,0xaf,0xd7,0xad,0x42,0xfa,0x6e,0x85,0xbf,0x78,0x72,0xc7,0x01,0x26,
	0x4a,0x53,0x16,0xe0,0xdc,0x48,0x4d,0x18,0xdf,0x71,0x0d,0x43,0x34,0x21,0x53,0xfe,
	0x38,0xa2,0x21,0xc1,0xdf,0x5b,0xa9,0xcc,0x49,0xb2,0x00,0x24,0x08,0x9c,0x07,0xd7,
	0xe1,0x07,0x79,0xb9,0xff,0x0e,0xc5,0x76,0xbb,0x73,0xc1,0x0f,0x02,0x57,0xe4,0xf3,
	0x5b,0x91,0x8e,0xe0,0x4b,0x62,0x99,0x84,0xa9,0x2c,0xf0,0x2b,0x6b,0xd8,0x8a,0x26,
	0x3e,0x8e,0xb9,0x1f,0xf8,0x94,0x83,0xee,0x7b,0x1c,0xee,0x78,0x1c,0x38,0x70,0x40,
	0x15,0x6f,0xc4,0x0a,0xef,0x9a,0x69,0x34,0x1a,0x1b,0x19,0x10,0x67,0xe6,0x79,0xae,
	0x76,0xbb,0x5d,0x77,0xa5,0x28,0xc4,0x77,0xd9,0x2d,0x30,0x07,0x02,0x10,0x5c,0xb9,
	0x86,0x3d,0xa2,0x59,0xd9,0xa2,0x34,0xbf,0x13,0x7b,0xce,0x84,0xba,0x38,0x1e,0x1e,
	0x5c,0x9b,0x74,0x9e,0xe5,0x04,0x59,0x20,0x24,0x36,0x28,0x07,0xd4,0x49,0x94,0xd9,
	0xda,0xa3,0x07,0x8f,0xcc,0x61,0xe8,0x88,0x43,0x38,0xc4,0xec,0xcd,0x1e,0x25,0x45,
	0xfe,0x4f,0x82,0xdc,0x56,0xd9,0x78,0x69,0x52,0xd0,0x80,0x77,0x1e,0xfd,0x87,0x2f,
	0x38,0x40,0xd8,0xdb,0x98,0xf0,0x77,0xac,0x94,0xfb,0xcf,0x30,0xc3,0x7e,0xf0,0x75,
	0x7b,0xdd,0xff,0x71,0x22,0x49,0x43,0xaf,0x39,0x33,0x33,0x23,0x85,0x79,0x06,0x89,
	0x29,0xe7,0x56,0x9c,0x6c,0x13,0xe2,0x38,0x4c,0xc1,0x7d,0x56,0xe3,0x82,0x14,0x4d,
	0xf7,0xb3,0xb0,0xb6,0x84,0xd1,0xd4,0x23,0x70,0x5c,0x31,0x59,0x2b,0x1b,0x47,0x3b,
	0x74,0x51,0x98,0xeb,0xf0,0xe3,0x1c,0x7a,0xc4,0x81,0x00,0x4f,0xce,0x11,0x30,0x9c,
	0xa7,0x8e,0xff,0x76,0x90,0xf8,0x1e,0xcb,0x42,0x07,0x40,0x24,0x30,0xfc,0x3b,0xce,
	0x80,0x62,0xbc,0x64,0xba,0xa1,0x03,0x9f,0xb2,0x40,0xa6,0x8e,0xdb,0xc1,0xef,0xd8,
	0x06,0xbe,0xfb,0x79,0xfc,0xa2,0xa8,0xcb,0xe6,0xb7,0x13,0xb6,0xf1,0xdd,0x65,0x52,
	0xd7,0x6d,0x88,0x79,0xe1,0x7b,0x86,0x57,0x55,0x34,0xc9,0x49,0xa3,0xc9,0x49,0x12,
	0x56,0x57,0x9e,0xf0,0x84,0x27,0xa8,0x88,0x6e,0x09,0x26,0x49,0xa2,0x94,0x20,0xc9,
	0xf3,0x5c,0x4d,0xfb,0xa7,0x4c,0x18,0x29,0x9a,0x75,0x7a,0x0b,0x40,0x39,0x00,0x76,
	0xc3,0x62,0x4a,0x6d,0x76,0x5c,0xd8,0xeb,0xd8,0x62,0x10,0xdc,0x18,0x4d,0x08,0x22,
	0xc0,0xf0,0xef,0xae,0x83,0x77,0xcd,0x7e,0x1e,0xd0,0x7c,0x48,0x81,0x0c,0x0f,0x24,
	0xaf,0xe3,0xe7,0xbc,0x91,0xf0,0x59,0xda,0x0c,0x94,0x40,0xf6,0xe0,0x86,0x2f,0xf6,
	0xc5,0x36,0xf2,0x1b,0x7e,0xb1,0xae,0xc8,0x8f,0x79,0xd0,0x0b,0x95,0xd1,0xcc,0xd8,
	0x1b,0x13,0x99,0xae,0xb4,0xae,0x14,0x9f,0x51,0x1e,0xde,0x7e,0x9e,0x3a,0x5e,0x8e,
	0xef,0x24,0x0d,0x8f,0x0d,0xe7,0x43,0x9c,0xc0,0x93,0xa3,0x28,0x0a,0x2d,0x2e,0x2e,
	0x2a,0x0d,0xbd,0x86,0xfb,0xa0,0xde,0x90,0xda,0x6a,0xb5,0x34,0x3d,0x3d,0xad,0x2a,
	0xcc,0x74,0x3d,0x55,0xe3,0xd4,0xc2,0x66,0xbb,0x18,0x9b,0xd8,0x36,0x7c,0x78,0x91,
	0x49,0x65,0xe3,0x12,0x84,0xba,0x53,0x9c,0x00,0x98,0xf4,0xec,0x46,0xba,0x71,0x8d,
	0x68,0xa9,0x26,0xe6,0x95,0x4e,0x98,0x90,0x28,0x02,0x32,0xfe,0xed,0x65,0x93,0x28,
	0x43,0x40,0x9c,0xe3,0xfc,0x23,0x05,0x17,0xce,0x84,0x3f,0x98,0xa1,0x6b,0x6c,0x1b,
	0x75,0xc0,0x1b,0x9e,0xcd,0xf0,0x0c,0x0e,0xd8,0x41,0xf8,0x03,0xbc,0xbd,0x97,0x01,
	0x97,0x98,0xd0,0xcf,0xf9,0xb8,0xfc,0xd8,0x2f,0x7e,0xc8,0x82,0x34,0x4e,0x1a,0x31,
	0x1f,0xca,0xc6,0xf5,0x25,0x69,0x75,0x75,0x55,0x79,0x9e,0xff,0xe8,0x16,0x3f,0x00,
	0x2a,0x8a,0x42,0x53,0x53,0x53,0xb5,0xd1,0x4c,0x42,0x92,0x00,0x36,0x41,0x26,0xfb,
	0xff,0x34,0x59,0x0b,0x88,0x15,0x51,0x68,0x49,0x3e,0x9e,0x52,0x28,0xef,0xdd,0x7b,
	0xec,0x38,0x07,0x89,0xeb,0x7e,0x70,0x1d,0xbd,0x62,0xde,0x18,0x0e,0xa8,0x95,0x3d,
	0x1c,0xe3,0x40,0x4f,0x92,0x11,0x5f,0x83,0x1f,0xba,0xa5,0x76,0xf7,0x25,0x8d,0x66,
	0x8f,0x94,0xe5,0x3a,0x7c,0x52,0xcb,0x02,0x2e,0x8f,0x32,0xde,0x30,0xd1,0x03,0x47,
	0xbb,0x2c,0x4d,0x98,0x74,0x20,0x9f,0x7a,0x8e,0x35,0xbe,0x92,0x65,0x5c,0xca,0xa2,
	0x03,0xe4,0xf8,0xf1,0xdb,0xb1,0xf3,0x06,0x8f,0x2c,0xf8,0x3e,0x52,0x7d,0x74,0x49,
	0xd3,0x54,0x5b,0xb7,0x6e,0xd5,0xcc,0xcc,0x8c,0x9a,0xe1,0x25,0x45,0xc9,0xe6,0xc6,
	0xfe,0xf0,0xac,0xb0,0x08,0x6f,0xb3,0x44,0x41,0x07,0x14,0x85,0xd2,0xf0,0x94,0x3b,
	0x82,0x70,0x8e,0x93,0x67,0x4f,0x08,0x1e,0x18,0xc3,0x6c,0x8c,0xfa,0xf1,0xd8,0x40,
	0xd1,0x58,0x0d,0xf9,0x18,0x07,0xe1,0x0c,0xc8,0x65,0x22,0x8b,0x46,0x85,0xbe,0x34,
	0x26,0x6c,0x76,0xfd,0x1d,0x60,0x99,0xde,0x85,0xad,0x73,0xa2,0x97,0x03,0x4e,0x70,
	0xba,0x73,0xc0,0x15,0xb0,0xab,0x28,0xf0,0x38,0xe7,0x8d,0xbb,0x0c,0xff,0x2a,0xee,
	0xbf,0x29,0x8b,0x2e,0x31,0xde,0x31,0xc5,0x36,0xc9,0xc6,0x6f,0x71,0x96,0xa4,0x01,
	0x70,0xc0,0x3f,0x3e,0xb0,0x8f,0x46,0x00,0x4f,0xf4,0x8a,0x31,0x74,0xbf,0x36,0x9b,
	0x4d,0xed,0xdf,0xbf,0xbf,0xb6,0x9b,0x32,0xe3,0xf1,0x78,0x63,0x21,0x9a,0xc8,0x3c,
	0x72,0xe4,0x88,0x16,0x16,0x16,0xd4,0xb2,0x3f,0x39,0x46,0x10,0x07,0xce,0x04,0x20,
	0xae,0x63,0x08,0x0e,0x46,0x51,0xc0,0x70,0x23,0x8a,0x68,0x63,0x64,0x12,0xba,0x1c,
	0x94,0x76,0xa7,0xb9,0x2c,0x0c,0xc7,0x68,0xef,0xb6,0x1c,0x5c,0xea,0x3a,0x10,0xd4,
	0x25,0x30,0x52,0x1b,0x93,0x2a,0xca,0x60,0x4e,0xf0,0xe1,0xbb,0xeb,0xd2,0x0a,0xff,
	0x90,0x09,0x4e,0x38,0x11,0x79,0xb1,0x7c,0x97,0x45,0x96,0x83,0xa8,0xab,0xd0,0x70,
	0x90,0x03,0x6f,0x82,0x3e,0xb1,0xe7,0x7d,0xe1,0xeb,0x58,0x81,0x05,0xf5,0xe1,0x5b,
	0x59,0xd7,0x0d,0x4f,0x27,0xc7,0x16,0x5d,0x19,0xaf,0x41,0x31,0xa6,0xb2,0x06,0x0f,
	0xae,0x8e,0x17,0x74,0xe2,0xc4,0x09,0xbd,0xf7,0xbd,0xef,0x9d,0x28,0x23,0x9b,0x9d,
	0x9d,0xdd,0x23,0x33,0xb0,0x28,0x0a,0xdd,0x7b,0xef,0xbd,0x75,0x0a,0x85,0x39,0x82,
	0x53,0x5b,0xc9,0xce,0xec,0x5d,0xc3,0x80,0x40,0x79,0xae,0xc3,0x1b,0xc7,0x14,0x61,
	0x02,0x82,0x32,0x00,0x85,0x0c,0x37,0x18,0xf9,0xce,0x17,0x70,0x5d,0x9e,0xeb,0xc9,
	0x41,0x77,0x41,0xfd,0x18,0x14,0x28,0x3e,0x8f,0xce,0xd8,0xea,0x72,0x9c,0x3c,0x80,
	0x92,0x10,0x14,0xe8,0x86,0xfc,0xd8,0x61,0x60,0x40,0x79,0xf8,0xc6,0x8e,0xe1,0x7c,
	0x12,0x02,0x3e,0x9d,0x10,0xcc,0xf0,0x92,0x65,0x1c,0xea,0xb8,0x1e,0xb1,0x0d,0xe8,
	0x81,0xee,0xe9,0x84,0x06,0x0e,0xbe,0x7c,0xc6,0x3e,0x61,0x12,0x54,0x45,0xc3,0x16,
	0xf8,0xba,0x7e,0xe0,0x34,0x35,0x35,0xa5,0x3c,0xcf,0xeb,0x2e,0x18,0xfb,0x53,0x85,
	0x49,0x03,0x19,0x6b,0x30,0x18,0xd4,0x0c,0x9f,0xf1,0x8c,0x67,0xd4,0x01,0x87,0x63,
	0x5c,0x08,0x4c,0x68,0x29,0x04,0x1a,0x13,0x05,0xef,0x5a,0x1c,0x80,0xd2,0xfe,0xfe,
	0xdd,0x03,0x25,0x8d,0xee,0x27,0x3b,0xb0,0x6e,0xb8,0xaf,0x01,0xba,0xf1,0xb2,0x8d,
	0x95,0xc8,0x75,0x90,0x5c,0x0e,0xe4,0x7a,0x29,0x6a,0x10,0x34,0x2e,0x78,0xf8,0x35,
	0xee,0x14,0x0d,0x87,0x43,0xe5,0xe1,0x06,0x3e,0xeb,0x71,0xc8,0x47,0x1e,0xb6,0xb8,
	0xd3,0xdc,0x2e,0xca,0x41,0x45,0xb8,0x29,0xa0,0xa0,0xab,0x63,0x01,0x8f,0xc4,0xb2,
	0x3c,0x98,0x52,0xae,0x0c,0x0d,0x80,0x0c,0xcd,0x39,0x28,0xb6,0x19,0xbe,0x89,0xdf,
	0xa1,0x30,0x5f,0xf8,0x75,0xf6,0x0b,0xc4,0xbd,0x9c,0xdb,0x0b,0xdf,0x7f,0xfe,0xe7,
	0x7f,0x56,0x11,0x7a,0xcc,0x6e,0xb7,0x5b,0x3f,0x9c,0xc4,0xdf,0x74,0x54,0x55,0xf8,
	0xc7,0xf4,0x24,0x44,0x79,0x1a,0x02,0x82,0x2c,0xf5,0x9d,0xef,0x7c,0x47,0xb2,0x16,
	0xc1,0x51,0xd8,0xb6,0x1b,0x04,0x52,0x57,0x21,0x08,0xc8,0xa0,0x94,0xa7,0x0e,0x8e,
	0xad,0x6c,0xe7,0x2c,0x65,0xdd,0x11,0xc8,0xe2,0x3c,0x7a,0x31,0x8b,0x8a,0x1d,0xec,
	0xf2,0xdd,0x11,0xd8,0xe5,0x19,0x1d,0xfe,0xee,0xb4,0xf8,0x1a,0xba,0xd3,0x90,0xb0,
	0x95,0xeb,0xc8,0x62,0xd6,0x9e,0x58,0xc3,0xc0,0x69,0xb2,0x86,0xc1,0xef,0x2c,0x64,
	0xa7,0xc2,0x86,0x26,0x5c,0x4f,0x42,0x63,0xa6,0x41,0x3b,0x56,0xe8,0x4b,0x3d,0xe7,
	0x4b,0x70,0x71,0x8e,0x86,0x0a,0x4e,0x8e,0x25,0x65,0xd1,0x3f,0xd6,0x57,0x36,0x86,
	0x74,0x9c,0xa9,0xc7,0x5d,0xb0,0x2a,0x7a,0xfe,0x23,0xb3,0xa5,0x3a,0xfc,0xf1,0xee,
	0x77,0xbf,0x5b,0xad,0x56,0x4b,0xc3,0xe1,0x50,0xbb,0x77,0xef,0xae,0x7d,0x84,0x9d,
	0x55,0x65,0x6f,0x46,0x70,0x80,0xb3,0x2c,0xd3,0xe2,0xe2,0xa2,0x7e,0xe9,0x97,0x7e,
	0xa9,0xfe,0x4d,0x19,0x0c,0xa1,0x85,0x16,0xb6,0xb3,0x02,0x10,0x99,0xa4,0xc8,0x40,
	0xf1,0x00,0x4f,0xac,0x1b,0x41,0xf9,0xd2,0x9e,0x41,0xc0,0x70,0x0f,0x10,0x40,0x69,
	0x84,0xb7,0xf3,0x3b,0x60,0x94,0x23,0x50,0x5a,0x61,0x87,0x30,0xf2,0x28,0xef,0x36,
	0x14,0xd1,0x8d,0x7c,0x07,0x50,0x36,0xae,0x45,0x6f,0x45,0xcb,0x3e,0xe8,0x05,0xd8,
	0x94,0x55,0xb0,0x99,0xdf,0x63,0xbb,0x0d,0x86,0x4d,0x38,0x9c,0xf2,0xd8,0xee,0xcb,
	0x14,0x65,0x08,0x1c,0x82,0xc9,0xf5,0x22,0x18,0x92,0x68,0xcc,0x0a,0x5f,0x1a,0x1b,
	0x18,0x80,0x37,0xba,0x23,0xd3,0x89,0xba,0x90,0xe3,0x43,0x5d,0xea,0x80,0x2b,0x98,
	0xb6,0xc2,0x5f,0x38,0xb8,0x9e,0x79,0x9e,0x6b,0x71,0x71,0x51,0x8d,0x30,0x4e,0xbf,
	0xf5,0xd6,0x5b,0x6b,0xdc,0xa8,0x27,0x69,0x63,0x47,0x34,0x07,0x4a,0xa4,0x69,0xaa,
	0x57,0xbd,0xea,0x55,0xfa,0xc7,0x7f,0xfc,0x47,0xad,0xae,0xae,0xd6,0x0e,0x85,0x88,
	0x5e,0x8c,0x04,0x54,0x07,0x17,0x65,0xf8,0xed,0x4b,0x37,0x32,0x00,0xea,0x96,0x10,
	0x06,0xf5,0xe8,0x42,0xf7,0x01,0x0f,0xca,0x79,0x7d,0x97,0x11,0x67,0x29,0x07,0x38,
	0xd6,0x85,0x40,0xc4,0x06,0xc0,0xe5,0x9c,0xa2,0x2c,0x8a,0x1e,0x4e,0xb1,0xad,0x49,
	0x58,0xf1,0x6f,0xd8,0x3a,0x65,0x62,0xeb,0x96,0xc8,0x28,0x43,0x63,0xa1,0x51,0x7b,
	0x30,0xe1,0x54,0x7e,0xcb,0x02,0x01,0x72,0xfd,0x3c,0xe0,0x1d,0x1b,0xf4,0x41,0x1e,
	0x8d,0x00,0x9e,0x5c,0x77,0x0c,0x9c,0x57,0x2c,0x7b,0x1c,0xed,0x07,0x84,0x47,0x5c,
	0x17,0x5b,0xc6,0xe3,0xb1,0xb6,0x6e,0xdd,0xaa,0x2d,0x5b,0xb6,0x68,0xd7,0xae,0x5d,
	0x6a,0x34,0x1a,0x9a,0x9f,0x9f,0x97,0xc2,0x5f,0xfb,0x2a,0x34,0xe6,0x56,0xab,0xb5,
	0x91,0x01,0x4b,0x5b,0x1e,0x49,0x92,0x44,0x53,0x53,0x53,0xba,0xf1,0xc6,0x1b,0x95,
	0x24,0x89,0x9e,0xfb,0xdc,0xe7,0x6e,0x1a,0x17,0xba,0xf2,0xb4,0x4e,0xbf,0xe6,0x2d,
	0x1d,0x80,0x01,0x1b,0x4a,0xa3,0xdb,0x59,0xd0,0x38,0xcc,0xee,0x7a,0xbd,0x9e,0x1a,
	0x8d,0x86,0x3a,0x9d,0x4e,0x9d,0x69,0x01,0x20,0xb1,0x19,0x2d,0x72,0xe1,0x97,0x46,
	0xb3,0x73,0x74,0x43,0x17,0x77,0x84,0xeb,0x8d,0x9e,0x04,0x71,0x39,0x61,0x59,0xc1,
	0xf9,0x25,0x51,0xb0,0x64,0x61,0x1b,0x1b,0x75,0xdd,0xd9,0xc8,0x76,0xfb,0x1d,0x97,
	0xc4,0x1c,0x89,0xee,0x64,0xf9,0x49,0xe4,0xf5,0x20,0xea,0xfa,0x01,0x4f,0x6f,0x74,
	0x60,0xc8,0x75,0x27,0xca,0x38,0x26,0xd8,0x47,0xe3,0x47,0x27,0xbe,0x63,0x27,0x7e,
	0x81,0xda,0xed,0xb6,0xfa,0xfd,0xbe,0xd6,0xd7,0xd7,0x75,0xd3,0x4d,0x37,0xa9,0xdf,
	0xef,0xab,0x28,0x0a,0xb5,0xc2,0x13,0x93,0xf4,0x0c,0xcd,0x66,0x73,0x63,0x0c,0xe8,
	0x59,0x08,0x10,0xf3,0x3c,0xd7,0xb3,0x9f,0xfd,0x6c,0xdd,0x7a,0xeb,0xad,0xea,0x76,
	0xbb,0x75,0x4b,0x6e,0x36,0x9b,0xf5,0x58,0x07,0x43,0x1a,0xe1,0xf9,0x61,0x07,0x07,
	0x5e,0xf0,0xf3,0xa0,0x4b,0x6c,0xe7,0xad,0x03,0x41,0x40,0x17,0xd6,0x5d,0xe3,0x68,
	0x00,0x72,0xa0,0x5c,0x16,0xbc,0x65,0xdb,0xc0,0x62,0x40,0x5d,0x67,0x45,0x01,0x85,
	0x7c,0x97,0xe1,0xb2,0x91,0x15,0x03,0x5e,0x5a,0x86,0x01,0x58,0xec,0x2a,0x43,0x20,
	0x33,0x39,0x51,0x08,0x56,0xd7,0x15,0xfe,0x1c,0x60,0x0f,0xd1,0x73,0x70,0x2d,0xb1,
	0x75,0xd0,0xc4,0x76,0x22,0x3b,0x21,0xdf,0x71,0x43,0x77,0x6f,0x80,0xb2,0x9e,0xc4,
	0xb1,0x82,0x47,0x1a,0x7a,0x25,0x6c,0xc2,0x46,0xb7,0xa7,0xb2,0x5e,0xc4,0x65,0x14,
	0x45,0xa1,0xe7,0x3e,0xf7,0xb9,0x3a,0xe3,0x8c,0x33,0x74,0xd2,0x49,0x27,0x69,0x71,
	0x71,0xb1,0x7e,0x26,0x04,0x5c,0x07,0x1b,0xff,0x41,0xb7,0x61,0x18,0x69,0x96,0x68,
	0x6d,0xb7,0xdb,0xfa,0xe6,0x37,0xbf,0xb9,0xc9,0x59,0x04,0x20,0x42,0xe8,0x72,0x52,
	0xdb,0x57,0x47,0x59,0x57,0x10,0xc5,0x1a,0xb6,0x4f,0x30,0x89,0xc6,0x2f,0x9c,0x03,
	0xcc,0x32,0xb4,0x64,0x52,0xb6,0x82,0xf3,0xc6,0xd1,0xf2,0x10,0x7c,0x08,0x2c,0x7e,
	0x03,0x4c,0x11,0x06,0xf1,0x1e,0xfc,0x38,0xc7,0x01,0xaf,0x42,0xc0,0xf0,0x09,0xc1,
	0x9b,0xe0,0x02,0x5c,0x07,0x3e,0xb3,0xe5,0x28,0x77,0x78,0x1a,0xc6,0x79,0x80,0x8e,
	0x6c,0x6c,0xf0,0xb2,0xce,0x0b,0x02,0x67,0x78,0x91,0x04,0x70,0xa0,0xac,0x4b,0x03,
	0x63,0xff,0x8e,0x3e,0x9c,0xc3,0x2e,0xce,0xc7,0x8d,0x8a,0xb2,0x60,0x53,0x85,0x67,
	0x7b,0x1d,0x27,0x62,0x00,0xbb,0xa8,0xef,0x07,0xf2,0x6e,0xbf,0xfd,0x76,0xad,0xae,
	0xae,0x6a,0x30,0x18,0x6c,0xfc,0x25,0x43,0xb8,0xc6,0xb3,0x21,0xe3,0xf1,0x58,0xa9,
	0x2f,0x1d,0x64,0x59,0xa6,0x13,0x27,0x4e,0x48,0x61,0x10,0xc9,0x8b,0x6e,0x50,0x46,
	0x16,0xf1,0x55,0x78,0x1f,0x09,0x41,0x00,0x40,0x5e,0xce,0x41,0xa8,0xa2,0x35,0x3e,
	0x07,0xa7,0xb4,0x89,0x08,0x8e,0xa4,0x2b,0x07,0xf4,0xd4,0x32,0x80,0x07,0x45,0x9e,
	0x6f,0xec,0x71,0x83,0x08,0x0e,0x45,0xc1,0x86,0xd3,0xd1,0xa3,0x8c,0x66,0xc0,0x80,
	0x89,0x1c,0xce,0xbb,0xbe,0xf1,0xc1,0xf9,0x3c,0x2c,0xc9,0x40,0x00,0x3d,0x0e,0x43,
	0x0a,0x0f,0xfe,0xc4,0x86,0x2e,0xd8,0x8f,0x8e,0x94,0xc5,0x66,0xca,0x80,0x1f,0xba,
	0x57,0xd6,0xe5,0xa2,0x2f,0xe4,0xfa,0x27,0x96,0x7d,0x3d,0x30,0xd0,0x0d,0xfb,0xf8,
	0x04,0x5f,0x2f,0xd7,0x8c,0x76,0x46,0xd1,0x08,0xb1,0xc9,0xed,0x43,0x2e,0xfe,0xb8,
	0xe8,0xa2,0x8b,0x6a,0xdd,0x7b,0xbd,0x5e,0x2d,0x73,0x34,0x1a,0x69,0x7a,0x7a,0x5a,
	0xdd,0x6e,0x77,0x63,0x37,0x0c,0x0e,0x2e,0x8a,0x42,0x27,0x9f,0x7c,0xb2,0x20,0x84,
	0x42,0x28,0xc0,0xeb,0x56,0x8b,0xe8,0x5d,0x24,0xb4,0x56,0x0c,0xa1,0xab,0x70,0x87,
	0x26,0xb6,0xd6,0xc4,0xb5,0xcc,0xee,0x31,0xc2,0x07,0xfe,0x8a,0xb2,0x28,0xf5,0x29,
	0xab,0xa8,0xeb,0x84,0x12,0xcb,0x2a,0x7c,0x02,0xe4,0x24,0xbb,0x62,0x27,0x70,0x9d,
	0xef,0xee,0x88,0xd8,0x29,0xd8,0x13,0xd7,0x6b,0xd8,0xfe,0x3b,0xe7,0x45,0xdd,0xd2,
	0x1a,0x98,0xfb,0x20,0x2e,0x4f,0x30,0xc6,0xc4,0x39,0xea,0x63,0x47,0x12,0x0d,0x13,
	0xbc,0x1c,0xbf,0x53,0xbb,0x25,0xa9,0x28,0xeb,0x71,0x5d,0xd6,0xf0,0xc0,0x97,0x4f,
	0xea,0x71,0xad,0xc5,0x06,0xd3,0x90,0x88,0x06,0xf6,0x07,0xd5,0x8d,0x46,0x43,0xff,
	0xf1,0x1f,0xff,0xa1,0x66,0x78,0xd2,0x6e,0x3c,0x1e,0xd7,0xcf,0x98,0xa7,0x28,0x54,
	0x86,0xd6,0x74,0xf4,0xe8,0xd1,0x9a,0x31,0x8f,0xcf,0xa1,0x20,0xc4,0x5f,0x38,0x28,
	0x74,0x01,0x28,0x5e,0x44,0x4b,0x11,0x18,0xe2,0x01,0x84,0x03,0xe1,0xe9,0xd9,0x00,
	0x40,0xc8,0x28,0xd4,0x71,0xe0,0xa0,0xf8,0x3c,0x01,0xe9,0x72,0xb0,0x2b,0x89,0xd6,
	0xe8,0xbc,0x2e,0xc1,0xcc,0xd0,0x02,0x10,0x01,0x9a,0x3a,0xd8,0x94,0x85,0x09,0xc7,
	0xf4,0xf4,0xf4,0xa6,0x40,0x74,0x3d,0x62,0x8a,0xf5,0xf6,0x0c,0xec,0x98,0xa0,0xa3,
	0x0c,0x6f,0xc7,0x20,0x0b,0x33,0x47,0x3f,0xe7,0xbc,0xa1,0xca,0xb2,0x77,0x66,0xcf,
	0x02,0x13,0x24,0xd4,0xa3,0x81,0xb8,0x6f,0xdd,0x5f,0x60,0x95,0x24,0x89,0xba,0xdd,
	0x6e,0x7d,0x9e,0x58,0x29,0x43,0xf2,0x28,0xc2,0xfa,0xac,0xcc,0x2f,0xad,0x56,0x4b,
	0xeb,0xeb,0xeb,0xf5,0x3f,0x70,0x1d,0x3c,0x78,0xb0,0xc6,0x14,0x1c,0xc7,0xe3,0xf1,
	0xc6,0xab,0x39,0x14,0xb2,0x08,0x8a,0x01,0x2c,0x82,0x70,0x02,0xe0,0xf0,0xf8,0xe6,
	0xd2,0xd2,0x92,0x3a,0x9d,0xce,0xa6,0x56,0x22,0xbb,0xad,0x97,0x45,0xbb,0x50,0xf8,
	0x9d,0xe7,0xb9,0x1a,0x8d,0x46,0x0d,0xa6,0x2b,0x8e,0xfc,0xd2,0x66,0x5c,0x04,0x24,
	0xdd,0x09,0xd7,0x18,0x37,0xba,0xd3,0xe1,0x87,0xb1,0x1c,0x95,0x0d,0x01,0x1c,0x04,
	0x80,0x86,0x07,0xf5,0xb0,0x15,0xdb,0x08,0xe4,0x34,0x34,0x94,0x3c,0x4c,0xa2,0x70,
	0x20,0x8d,0xcf,0x9d,0x89,0x6e,0xe0,0x81,0xf3,0x64,0x7f,0x0e,0x43,0xa3,0x5b,0x5d,
	0x5d,0xdd,0xb4,0xb8,0xef,0xc1,0xe5,0xf8,0xc2,0x87,0xf3,0xf0,0x44,0x6f,0xc7,0x8d,
	0xc3,0x7d,0xca,0xb0,0x2a,0x0b,0x59,0x9b,0x64,0x12,0xe3,0x56,0x84,0x6e,0x36,0x0d,
	0x49,0xa2,0xdf,0xef,0xd7,0x0f,0x8f,0x35,0x1a,0x0d,0xf5,0x7a,0x3d,0xed,0xd8,0xb1,
	0xa3,0xe6,0x4b,0xfc,0x70,0xb4,0x5a,0x2d,0x1d,0x3c,0x78,0xb0,0xc6,0xe9,0xac,0xb3,
	0xce,0x52,0x96,0x65,0x6a,0xb7,0xdb,0xb5,0xcc,0xaa,0xaa,0x36,0xd6,0x01,0x65,0xb3,
	0xb1,0x95,0x95,0x15,0x49,0xd2,0xcc,0xcc,0x8c,0x8e,0x1e,0x3d,0xaa,0x4e,0xa7,0x53,
	0x0b,0x60,0x5c,0x06,0xa8,0xcd,0x66,0x53,0x17,0x5f,0x7c,0xb1,0xc6,0xe3,0xb1,0x86,
	0xc3,0x61,0xad,0x20,0x06,0x62,0x0c,0x2d,0x10,0x20,0xe2,0x75,0x45,0x85,0x06,0xe0,
	0x6b,0x7f,0xcd,0xb0,0x39,0xa1,0x08,0x77,0x65,0x90,0x47,0xa0,0x24,0x51,0x97,0xdc,
	0x6e,0xb7,0x6b,0xc0,0x90,0x07,0xf8,0x32,0x87,0x66,0xd6,0x28,0xb0,0xc3,0xf9,0x24,
	0x96,0x4d,0x3d,0x98,0x00,0xde,0x1d,0x45,0xf0,0x50,0x17,0x0c,0x13,0xcb,0x1e,0xf0,
	0x42,0xf7,0x66,0xc8,0xb4,0x95,0xcd,0xb2,0x1b,0x8d,0x86,0xe6,0xe6,0xe6,0x94,0x86,
	0x00,0x2a,0xec,0x15,0xb9,0xe8,0xe8,0x41,0xec,0x38,0xc3,0x07,0x39,0xae,0x07,0xb8,
	0x56,0x55,0xa5,0xc1,0x60,0xb0,0xa9,0x9b,0x54,0x08,0x60,0x02,0x2d,0xb6,0x81,0x72,
	0x60,0x25,0x49,0x67,0x9e,0x79,0xa6,0x24,0xe9,0xa4,0x93,0x4e,0xd2,0xc2,0xc2,0x82,
	0x0e,0x1c,0x38,0xb0,0x29,0x73,0x33,0x29,0x95,0xa4,0x5e,0xaf,0xa7,0x23,0x47,0x8e,
	0xd4,0x0d,0x62,0x30,0x18,0x48,0xa1,0xc7,0x24,0x28,0xcb,0xb2,0x54,0x76,0xda,0x69,
	0xa7,0xed,0x41,0x81,0x34,0xac,0xc1,0x31,0x78,0xa6,0x45,0xa7,0xf6,0x52,0xa2,0x76,
	0xf8,0xc7,0xeb,0x93,0x4f,0x3e,0x59,0xad,0x56,0x4b,0x83,0xc1,0x40,0x47,0x8e,0x1c,
	0xd1,0xf4,0xf4,0xb4,0xfa,0xfd,0x7e,0x6d,0x70,0x6a,0xcb,0x28,0xb2,0x6c,0xd0,0xe9,
	0x74,0x94,0x86,0xe9,0xfd,0xdc,0xdc,0x5c,0x9d,0x0d,0x09,0x38,0xc0,0xc4,0x30,0xd6,
	0x8e,0x00,0x1c,0x82,0x2f,0xa0,0x71,0x8d,0x4f,0x9c,0x05,0x78,0x49,0x14,0x64,0xd8,
	0x84,0x4c,0x08,0xdd,0x01,0x9f,0xef,0xf0,0x4c,0x43,0xb6,0x1c,0x8d,0x46,0x7a,0xed,
	0x6b,0x5f,0xab,0x33,0xce,0x38,0x43,0xdf,0xfb,0xde,0xf7,0xea,0xec,0xea,0x41,0x01,
	0x7e,0xc8,0x44,0x37,0x0f,0x18,0x78,0x17,0xd1,0xe4,0xc9,0x6d,0x95,0x25,0x08,0x1c,
	0x07,0x91,0x79,0x92,0xe8,0x2e,0x91,0xf3,0xa0,0x7c,0x12,0x6d,0x65,0xab,0x6c,0x6b,
	0x3d,0x7c,0xd1,0xa1,0x0a,0xc1,0x8f,0xbd,0x59,0x96,0xe9,0xf0,0xe1,0xc3,0x9a,0x99,
	0x99,0x51,0x51,0x14,0xea,0x76,0xbb,0x3a,0x7e,0xfc,0xb8,0x56,0x56,0x56,0x34,0x3d,
	0x3d,0xad,0x32,0x8c,0x67,0xd7,0xd6,0xd6,0xea,0xcf,0xfd,0xfb,0xf7,0xd7,0xf6,0x6d,
	0xdb,0xb6,0x4d,0x87,0x0f,0x1f,0xae,0xf5,0x44,0x6e,0xb6,0xb0,0xb0,0xb0,0xa7,0x11,
	0x32,0x5c,0x23,0x64,0xb9,0x6e,0xb7,0xab,0x32,0xbc,0xdb,0x97,0xe0,0x18,0x8f,0xc7,
	0x6a,0xb7,0xdb,0xaa,0x6c,0x96,0x33,0x1e,0x8f,0xd5,0xef,0xf7,0xeb,0x56,0x0d,0x00,
	0xcd,0xd0,0xbd,0x90,0xe9,0xd2,0x34,0xad,0x03,0x4f,0xe1,0x4d,0x5b,0xed,0x76,0xbb,
	0xee,0x5a,0xab,0x09,0xff,0xb0,0x99,0x84,0x96,0x3e,0x1c,0x0e,0xeb,0x40,0x77,0x50,
	0x30,0x98,0x80,0x27,0xa8,0x1c,0x78,0xca,0x37,0x9b,0x4d,0x2d,0x2f,0x2f,0xd7,0xd3,
	0x7f,0xae,0xc3,0xc7,0x03,0x70,0x1c,0xde,0x6d,0x2d,0x0b,0x66,0x9c,0x20,0x0b,0xec,
	0x6e,0xb7,0xab,0x5b,0x6f,0xbd,0x55,0x45,0x51,0xe8,0xc0,0x81,0x03,0xb5,0x9d,0x5c,
	0x07,0x0f,0x6c,0x4e,0xc2,0xd8,0xcf,0xb3,0x3f,0x0d,0x00,0x9d,0x08,0x9e,0x41,0x58,
	0x2f,0x03,0x7b,0xea,0xa2,0x4b,0x23,0x7a,0xc5,0x5d,0x65,0xc1,0x8c,0xcd,0xa3,0xf0,
	0x72,0x01,0x7a,0x86,0x18,0x1f,0xea,0x34,0xc3,0x92,0x4a,0xab,0xd5,0x52,0x9e,0xe7,
	0xf5,0xb8,0xbf,0xb0,0x09,0xa5,0xcb,0x65,0xf8,0x41,0xb2,0x99,0x9a,0x9a,0xaa,0xf1,
	0x1a,0x86,0x7f,0x43,0x82,0x37,0xf6,0x57,0x55,0xa5,0x5d,0xbb,0x76,0xd5,0x01,0x49,
	0x76,0x97,0xa4,0xe4,0x49,0x4f,0x7a,0x52,0x85,0xf3,0x71,0x6e,0x92,0x24,0xda,0xb9,
	0x73,0xa7,0xba,0xdd,0xae,0xf6,0xef,0xdf,0xaf,0xa5,0xa5,0xa5,0x1a,0xa4,0x66,0xb3,
	0xa9,0xc1,0x60,0x50,0x77,0xcd,0xfc,0x0b,0x62,0xaf,0xd7,0xd3,0xfc,0xfc,0xbc,0xba,
	0xdd,0xae,0x8a,0xa2,0xd0,0xf4,0xf4,0xb4,0x16,0x17,0x17,0xa5,0x90,0x7e,0x4f,0x9c,
	0x38,0xa1,0x85,0x85,0x05,0x9d,0x38,0x71,0x42,0x27,0x9d,0x74,0x92,0xee,0xbb,0xef,
	0x3e,0x6d,0xd9,0xb2,0x45,0xe3,0x30,0xad,0x9f,0x9a,0x9a,0x92,0x42,0x8b,0x26,0xe3,
	0x1d,0x3c,0x78,0x50,0x5b,0xb7,0x6e,0xd5,0xea,0xea,0xaa,0xce,0x3e,0xfb,0x6c,0xf5,
	0x7a,0x3d,0x75,0xbb,0x5d,0xdd,0x73,0xcf,0x3d,0x4a,0x43,0x57,0xfb,0xd0,0x43,0x0f,
	0xe9,0xa1,0x87,0x1e,0x52,0xaf,0xd7,0xd3,0xf2,0xf2,0xb2,0x4e,0x3d,0xf5,0x54,0x2d,
	0x2d,0x2d,0x69,0xfb,0xf6,0xed,0xda,0xb6,0x6d,0x5b,0x0d,0xec,0x93,0x9e,0xf4,0x24,
	0x35,0x9b,0x4d,0x9d,0x38,0x71,0x42,0x2b,0x2b,0x2b,0xaa,0xaa,0x4a,0xf3,0xf3,0xf3,
	0x5a,0x5b,0x5b,0xd3,0xb6,0x6d,0xdb,0xb4,0x77,0xef,0x5e,0xdd,0x74,0xd3,0x4d,0x75,
	0xd6,0xc5,0x49,0xe0,0xe1,0x54,0x85,0xed,0x45,0xe7,0x9c,0x73,0x8e,0xbe,0xf7,0xbd,
	0xef,0x29,0x0f,0xaf,0xaf,0x48,0xc2,0xb2,0x07,0x0e,0x07,0x64,0x02,0xb3,0x28,0x0a,
	0xcd,0xcc,0xcc,0x68,0x61,0x61,0x41,0x8f,0x7f,0xfc,0xe3,0xd5,0xeb,0xf5,0xb4,0xbe,
	0xbe,0xae,0x66,0xb3,0xa9,0xd9,0xd9,0x59,0x2d,0x2f,0x2f,0xeb,0x17,0x7f,0xf1,0x17,
	0xb5,0xba,0xba,0xaa,0x2f,0x7e,0xf1,0x8b,0x9a,0x9f,0x9f,0x57,0x62,0x4b,0x1f,0x55,
	0x55,0x69,0x6d,0x6d,0xad,0x0e,0x80,0x2a,0x74,0xcf,0x5b,0xb7,0x6e,0xd5,0x3d,0xf7,
	0xdc,0xa3,0xd3,0x4f,0x3f,0x5d,0xad,0x56,0x4b,0x53,0x53,0x53,0x1a,0x8f,0xc7,0x3a,
	0x7c,0xf8,0x70,0xfd,0x62,0xf0,0x76,0xbb,0xad,0x53,0x4e,0x39,0x45,0xfb,0xf7,0xef,
	0xd7,0xce,0x9d,0x3b,0x75,0xec,0xd8,0xb1,0xfa,0x95,0x7b,0x0b,0x0b,0x0b,0x3a,0x7a,
	0xf4,0xa8,0x16,0x16,0x16,0x34,0x18,0x0c,0xf4,0xc3,0x1f,0xfe,0x50,0xcd,0xf0,0x88,
	0xee,0xae,0x5d,0xbb,0x54,0x86,0x75,0xe2,0xc5,0xc5,0x45,0x4d,0x4f,0x4f,0xd7,0xfc,
	0xe6,0xe6,0xe6,0x74,0xec,0xd8,0x31,0x35,0x1a,0x0d,0x2d,0x2d,0x2d,0x29,0xb7,0x1d,
	0x4e,0xdb,0xb6,0x6d,0x53,0xbf,0xdf,0xd7,0x96,0x2d,0x5b,0xb4,0x75,0xeb,0x56,0x35,
	0x9b,0x4d,0x7d,0xf6,0xb3,0x9f,0x55,0x16,0x86,0x40,0x34,0x9e,0xe4,0xe7,0x7f,0xfe,
	0xe7,0x2b,0x7e,0xc8,0x26,0x03,0x8c,0xf7,0x64,0x4b,0x25,0x85,0xfd,0x97,0x70,0x11,
	0xc6,0x24,0xb2,0xa0,0xe1,0xcd,0x5a,0x59,0xe8,0x62,0x68,0x59,0xb4,0x32,0x64,0x28,
	0x5a,0x5a,0xa1,0x45,0x7b,0xf6,0xc0,0x79,0x55,0x68,0xd1,0x64,0xdd,0xc2,0x06,0xfa,
	0x55,0xc8,0x9c,0xc8,0x67,0x51,0x36,0x0f,0x7f,0x92,0x0c,0x11,0x00,0xb4,0x46,0xf8,
	0xc8,0x26,0x03,0x69,0x78,0x7a,0xff,0x25,0x2f,0x79,0x89,0x1e,0x7c,0xf0,0x41,0x7d,
	0xe3,0x1b,0xdf,0xd0,0x70,0x38,0xd4,0x59,0x67,0x9d,0xa5,0xd1,0x68,0xa4,0xf3,0xce,
	0x3b,0x4f,0xb7,0xdc,0x72,0x4b,0x1d,0x48,0xcf,0x7f,0xfe,0xf3,0xb5,0x77,0xef,0x5e,
	0x8d,0x46,0x23,0xbd,0xee,0x75,0xaf,0xd3,0xfb,0xdf,0xff,0x7e,0x2d,0x2f,0x2f,0x6b,
	0xf7,0xee,0xdd,0x3a,0xf3,0xcc,0x33,0xd5,0xe9,0x74,0xf4,0xb7,0x7f,0xfb,0xb7,0x52,
	0xc8,0xf8,0xd7,0x5c,0x73,0x8d,0x3e,0xf7,0xb9,0xcf,0xe9,0xf8,0xf1,0xe3,0xf5,0xc3,
	0xff,0xe8,0x85,0x8d,0x0c,0xce,0x99,0x8c,0x90,0x45,0x8a,0x68,0x03,0x2f,0x78,0x2a,
	0xc2,0x51,0xd6,0xdd,0xf2,0x3d,0x09,0xaf,0xda,0xcb,0x6c,0x57,0x0f,0xbe,0xc3,0x4f,
	0x34,0x34,0xaf,0x9b,0xd8,0x30,0x85,0xeb,0xb1,0x4f,0xf0,0x13,0x19,0xb0,0x8a,0x26,
	0x5c,0x8d,0xd0,0xa3,0xa2,0x3b,0xe5,0xbd,0x6e,0xb2,0x7b,0xf7,0xee,0x6a,0x34,0x1a,
	0xa9,0x1d,0xfe,0xbf,0x2b,0x0d,0xe3,0x40,0xbe,0xe3,0x70,0x77,0x60,0x19,0x66,0x65,
	0x74,0x8f,0x28,0x38,0x1c,0x0e,0xeb,0xef,0x00,0x0c,0x38,0xf0,0xf1,0x6e,0x23,0x06,
	0x4f,0x76,0x1b,0x2d,0x0b,0xe3,0x47,0x7e,0x63,0x1c,0x2d,0x28,0xb5,0x31,0x11,0x43,
	0x83,0xc2,0x5e,0x01,0x0c,0x21,0x03,0xdd,0xf9,0x8d,0x1e,0x69,0xe8,0x5a,0x68,0x70,
	0x49,0xc8,0x62,0x57,0x5e,0x79,0xa5,0xd6,0xd6,0xd6,0xf4,0xa5,0x2f,0x7d,0x49,0x95,
	0x8d,0x95,0x4e,0x39,0xe5,0x14,0x29,0xfc,0xfd,0x3c,0x6b,0x59,0xe7,0x9e,0x7b,0xae,
	0x4e,0x3a,0xe9,0x24,0x7d,0xfb,0xdb,0xdf,0xd6,0xe2,0xe2,0xa2,0x5a,0xe1,0xf6,0xd5,
	0x63,0x1f,0xfb,0x58,0x5d,0x7c,0xf1,0xc5,0xfa,0xda,0xd7,0xbe,0xa6,0xfb,0xee,0xbb,
	0x6f,0x93,0x4d,0x85,0x35,0x66,0xec,0x40,0x5f,0xec,0xe3,0x5c,0xed,0xac,0xf0,0xbb,
	0xd7,0xeb,0x69,0x6d,0x6d,0xed,0x47,0x82,0x28,0x0b,0x99,0x97,0xc0,0xc5,0x4f,0x9c,
	0x4f,0xec,0xef,0x33,0xf0,0x69,0x69,0x33,0x68,0x64,0x15,0x76,0xf7,0x85,0xeb,0x4e,
	0x55,0x08,0xba,0x3c,0xac,0x4a,0xe0,0x17,0xf8,0xc0,0x8b,0xb2,0x34,0x38,0x6c,0xc0,
	0x6e,0x49,0xca,0x4e,0x39,0xe5,0x94,0x3d,0x0a,0x59,0xa3,0xd7,0xeb,0xd5,0x4c,0x8a,
	0xa2,0xa8,0x5f,0xad,0x4a,0x86,0xa1,0x12,0x0a,0x62,0x34,0x42,0x99,0x65,0x21,0xc8,
	0x83,0x17,0x40,0x30,0x8c,0x4c,0x29,0xdb,0x53,0x97,0x86,0x6e,0x35,0xb5,0x89,0x01,
	0xb2,0xc9,0x92,0x45,0x98,0x0d,0x03,0x2a,0x7c,0xf3,0x7c,0xe3,0x8e,0x88,0xb7,0x36,
	0x00,0x40,0xcf,0x32,0x8c,0x79,0xd0,0x11,0x1e,0xe8,0x4f,0x4b,0xde,0xb1,0x63,0x87,
	0xee,0xbc,0xf3,0x4e,0x9d,0x73,0xce,0x39,0xba,0xe3,0x8e,0x3b,0x6a,0x1e,0xcf,0x7b,
	0xde,0xf3,0xf4,0x83,0x1f,0xfc,0xa0,0x7e,0xc9,0xe2,0xd3,0x9f,0xfe,0x74,0x75,0x3a,
	0x1d,0x7d,0xeb,0x5b,0xdf,0xd2,0xd1,0xa3,0x47,0x75,0xe1,0x85,0x17,0xea,0x29,0x4f,
	0x79,0x8a,0xee,0xba,0xeb,0x2e,0x15,0x45,0xa1,0x95,0x95,0x15,0x7d,0xef,0x7b,0xdf,
	0xd3,0x69,0xa7,0x9d,0xa6,0x6d,0xdb,0xb6,0x69,0x69,0x69,0xa9,0xc6,0x00,0xa7,0x26,
	0xd1,0xec,0xdb,0x1b,0x59,0x16,0xd6,0xf0,0x2a,0x5b,0xa0,0xe7,0x1a,0x3e,0xc0,0x46,
	0x6c,0x2b,0xa3,0x4c,0xef,0x3e,0x43,0x36,0xdf,0xfd,0x3a,0x0d,0x03,0x7f,0xc2,0x57,
	0x36,0xf9,0x42,0x36,0xf5,0xc0,0x85,0xf2,0xd8,0xc1,0x75,0xe2,0x88,0xde,0x0b,0x9e,
	0xd8,0xa1,0x8d,0x9e,0xe7,0xe1,0x67,0x1b,0x1e,0x78,0xe0,0x81,0x7a,0xe7,0x0b,0x01,
	0xe9,0xc1,0x82,0xc0,0x46,0x58,0x32,0x21,0x70,0x1a,0x76,0xbb,0x0c,0xc1,0x28,0xe2,
	0xf7,0x2a,0x51,0x86,0x2c,0xe5,0x4a,0x62,0x58,0x50,0x4a,0x59,0xc8,0x16,0x04,0x85,
	0x42,0x30,0xd2,0x9d,0xa4,0x36,0xae,0xa2,0x6c,0x2b,0xfc,0x1f,0x1a,0x64,0x46,0xd6,
	0x9f,0x85,0x6d,0x8c,0xe5,0x56,0x22,0xfa,0x8c,0x46,0x23,0x3d,0xfb,0xd9,0xcf,0xd6,
	0xe9,0xa7,0x9f,0xae,0xb5,0xb5,0x35,0xdd,0x70,0xc3,0x0d,0x2a,0x42,0x57,0xf7,0xb2,
	0x97,0xbd,0x4c,0xfd,0x7e,0xbf,0x0e,0xbe,0xf1,0x78,0xac,0xef,0x7e,0xf7,0xbb,0x7a,
	0xcd,0x6b,0x5e,0xa3,0xb9,0xb9,0x39,0x2d,0x2f,0x2f,0xeb,0xab,0x5f,0xfd,0xaa,0x9e,
	0xf5,0xac,0x67,0x69,0x7a,0x7a,0x5a,0x59,0x96,0xe9,0xbc,0xf3,0xce,0xd3,0xf2,0xf2,
	0xb2,0xee,0xb9,0xe7,0x1e,0xb5,0xdb,0x6d,0x4d,0x4f,0x4f,0x6f,0x72,0x50,0x62,0x33,
	0x4f,0xd7,0x27,0xb1,0xe5,0x22,0x0f,0x0a,0x86,0x0b,0x45,0xb4,0xe0,0x5f,0x46,0x6b,
	0xac,0x79,0x18,0x82,0x90,0xed,0x3c,0x48,0xaa,0x30,0x29,0xcb,0xec,0x9d,0xdf,0x24,
	0x97,0x86,0x3d,0x03,0xe2,0x81,0x46,0xb0,0x15,0xd6,0x73,0x15,0xd6,0x7b,0x90,0x24,
	0xbc,0x1e,0x75,0xf9,0x44,0x0f,0x88,0x06,0x94,0x02,0x66,0x51,0x14,0x9a,0x9f,0x9f,
	0x57,0xa7,0xd3,0xd1,0x38,0xcc,0x78,0xbb,0xdd,0xae,0xc6,0xe3,0xb1,0x56,0x56,0x56,
	0xea,0x7f,0x4f,0xf2,0x40,0x2a,0x6d,0x8c,0xb2,0xb4,0xb4,0x54,0x8f,0x01,0x09,0x2c,
	0xd9,0xf2,0x01,0x2b,0xe5,0x04,0x67,0x3b,0x2c,0x66,0x43,0x04,0x3a,0x4a,0x12,0x54,
	0x00,0x80,0x5c,0x0c,0x2f,0x6d,0x35,0x9e,0x00,0x02,0x3c,0x07,0x11,0x10,0x00,0x8f,
	0x73,0x0e,0x3c,0x65,0xca,0xb2,0x54,0xb7,0xdb,0xd5,0xbf,0xfc,0xcb,0xbf,0xd4,0x8e,
	0xdf,0xb1,0x63,0x87,0xca,0xb0,0x22,0xf0,0x95,0xaf,0x7c,0xa5,0x1e,0x7f,0x3d,0xf3,
	0x99,0xcf,0xd4,0xbe,0x7d,0xfb,0xf4,0xda,0xd7,0xbe,0x56,0xaf,0x7a,0xd5,0xab,0xea,
	0xa5,0x88,0x3f,0xfe,0xe3,0x3f,0xd6,0x65,0x97,0x5d,0xa6,0xf5,0xf5,0x75,0x3d,0xfb,
	0xd9,0xcf,0x56,0x3b,0x6c,0x4d,0xba,0xfd,0xf6,0xdb,0x35,0x33,0x33,0xb3,0x29,0xe8,
	0x09,0x0c,0x7c,0x40,0x83,0xc3,0xc9,0x49,0x08,0x50,0x30,0x05,0xf3,0x22,0xac,0x8d,
	0xa2,0x37,0x01,0xda,0xed,0x76,0xb5,0x6d,0xdb,0xb6,0xfa,0x1a,0x98,0x65,0x21,0x79,
	0x50,0x8e,0x00,0x1a,0x85,0xe7,0xbf,0xc1,0x15,0x4c,0x3d,0x48,0xd1,0x85,0x06,0x40,
	0xa3,0x06,0x43,0x62,0x81,0x18,0xf2,0xf3,0x9e,0x7c,0x4a,0x5b,0x1d,0x21,0x68,0xab,
	0xaa,0xda,0x78,0x35,0xc7,0x70,0x38,0xd4,0xea,0xea,0xaa,0xca,0xb0,0x22,0xff,0xd0,
	0x43,0x0f,0xa9,0xb2,0x5d,0x1b,0x28,0x7f,0xec,0xd8,0xb1,0xba,0x65,0xa1,0x0c,0xce,
	0xe6,0xe6,0x32,0x59,0xb1,0x1f,0xfe,0x98,0x44,0x96,0x81,0xca,0xd0,0x3a,0xc6,0x61,
	0x2a,0xcf,0xb8,0xa0,0x0a,0x81,0x41,0xe0,0x13,0xa4,0x28,0xef,0x81,0xa8,0x30,0x5c,
	0x00,0x30,0x0c,0x4e,0x2c,0xf3,0x12,0xf4,0xc8,0x4f,0xec,0x65,0x38,0xf0,0x70,0x47,
	0x03,0x58,0xbb,0xdd,0xd6,0xd1,0xa3,0x47,0xd5,0x08,0x19,0x7e,0x61,0x61,0x41,0x87,
	0x0f,0x1f,0x56,0x55,0x55,0xba,0xfb,0xee,0xbb,0x6b,0x3c,0x3e,0xfc,0xe1,0x0f,0xeb,
	0xcb,0x5f,0xfe,0xb2,0xf6,0xee,0xdd,0xab,0x6e,0xb7,0xab,0x7f,0xff,0xf7,0x7f,0xd7,
	0xf1,0xe3,0xc7,0x55,0x14,0x85,0x0e,0x1e,0x3c,0x58,0xe3,0x73,0xe3,0x8d,0x37,0xd6,
	0xdf,0x9b,0xcd,0xa6,0xe6,0xe7,0xe7,0xd5,0x6e,0xb7,0x6b,0x1c,0x52,0x5b,0x72,0xf2,
	0xef,0xe0,0x01,0x56,0x2c,0xde,0x12,0xa0,0x64,0xaf,0x46,0xb4,0xa8,0xbc,0xbe,0xbe,
	0xae,0xe5,0xe5,0xe5,0x4d,0xbc,0x14,0xb2,0x1e,0x81,0x05,0x46,0x89,0xbd,0x50,0x80,
	0xc0,0x23,0xe0,0xa8,0x43,0xd7,0x99,0x5a,0x43,0x4f,0xc2,0x4a,0x88,0xeb,0x4c,0x06,
	0x6c,0xd8,0x30,0xab,0x8a,0xee,0x0f,0x57,0x36,0x8e,0x76,0x4a,0x09,0x84,0xd4,0x26,
	0x0e,0xad,0x56,0x4b,0x2b,0x2b,0x2b,0xb5,0x90,0x5e,0xaf,0xa7,0x2c,0xcb,0x34,0x33,
	0x33,0xa3,0x4e,0xa7,0xa3,0xa9,0xa9,0xa9,0x4d,0x82,0x88,0x7c,0x37,0x66,0x66,0x66,
	0xa6,0x16,0xee,0x81,0x48,0xc0,0x76,0x3a,0x1d,0x15,0xb6,0x99,0x81,0xef,0x3c,0x41,
	0xbf,0xb4,0xb4,0xa4,0xe1,0x70,0x58,0x4f,0x6c,0x32,0x5b,0xd4,0x06,0x74,0x07,0x98,
	0x96,0x88,0xe3,0x58,0x93,0xa2,0x8c,0xac,0x01,0x00,0x32,0x00,0xe3,0x98,0xd1,0x68,
	0xa4,0x5b,0x6e,0xb9,0x45,0x17,0x5f,0x7c,0xb1,0xb6,0x6f,0xdf,0xae,0x7d,0xfb,0xf6,
	0xa9,0x0c,0xd9,0xef,0xd2,0x4b,0x2f,0xad,0x6d,0x9f,0x9f,0x9f,0x57,0x51,0x14,0xba,
	0xed,0xb6,0xdb,0xb4,0x65,0xcb,0x16,0x7d,0xea,0x53,0x9f,0xd2,0xaf,0xfd,0xda,0xaf,
	0x49,0x92,0x5e,0xf0,0x82,0x17,0xe8,0xb6,0xdb,0x6e,0x53,0xaf,0xd7,0xd3,0x03,0x0f,
	0x3c,0xa0,0x56,0xab,0xa5,0x97,0xbe,0xf4,0xa5,0x7a,0xd1,0x8b,0x5e,0xa4,0xdb,0x6e,
	0xbb,0xed,0x47,0x82,0xaf,0xd5,0x6a,0x6d,0x5a,0xab,0xcb,0x42,0x96,0xa2,0x71,0x37,
	0xc3,0xb2,0x50,0x1a,0xd6,0x52,0x8b,0x90,0xd1,0x06,0x83,0x41,0x9d,0x75,0x3c,0xe3,
	0x75,0xbb,0x5d,0x29,0xda,0x78,0x50,0x86,0xae,0xb9,0x0a,0x0d,0x75,0x1c,0xd6,0x1f,
	0x09,0x24,0x82,0x0b,0xfc,0x26,0x25,0x07,0x88,0xb2,0xf0,0xa2,0x8c,0x97,0xab,0x42,
	0x06,0x2d,0x42,0xaf,0x43,0x7c,0x20,0x0b,0x3e,0x49,0x92,0x28,0x39,0xf3,0xcc,0x33,
	0xab,0x32,0x74,0xa5,0xa3,0xf0,0x10,0x31,0x00,0xc1,0x88,0x6e,0xa3,0x2c,0x4b,0x6d,
	0xdd,0xba,0xb5,0x16,0x9e,0x87,0xd9,0xcc,0xca,0xca,0xca,0xc6,0xd6,0x1a,0x1b,0x8c,
	0x8e,0x46,0xa3,0x7a,0xad,0x0a,0x5e,0x18,0x8e,0x12,0x80,0x87,0x7c,0x14,0x2e,0xad,
	0x45,0x36,0xc3,0x20,0x7c,0x6a,0x6a,0xaa,0x06,0x1d,0x83,0x09,0xb0,0x34,0xda,0xd9,
	0x01,0x08,0x8a,0x06,0xd9,0x00,0xd6,0x08,0x33,0x38,0x08,0x70,0x14,0x74,0xc2,0x79,
	0x0e,0x68,0x55,0x55,0xba,0xfc,0xf2,0xcb,0x35,0x37,0x37,0xa7,0x53,0x4e,0x39,0x45,
	0xd3,0xd3,0xd3,0xfa,0xad,0xdf,0xfa,0x2d,0x6d,0xdb,0xb6,0x4d,0xaf,0x7f,0xfd,0xeb,
	0xb5,0xb0,0xb0,0xa0,0x07,0x1e,0x78,0x40,0x7f,0xff,0xf7,0x7f,0xaf,0xdb,0x6f,0xbf,
	0xbd,0xb6,0xab,0xb4,0x59,0x28,0x76,0xc2,0x3b,0x09,0x01,0x47,0x66,0xc1,0x7e,0x08,
	0x5d,0xc1,0x84,0x80,0xc1,0x8e,0x7e,0xbf,0x5f,0xeb,0x2a,0xf3,0x99,0xcc,0x0e,0xca,
	0x63,0x1f,0x75,0x39,0x47,0xb9,0x72,0xc2,0x3d,0x7b,0x05,0x3d,0xd1,0x01,0x9d,0xf0,
	0x21,0x36,0x41,0xe8,0x4b,0x3d,0xe4,0x71,0x4d,0x36,0x04,0x43,0x5e,0xb2,0x63,0xc7,
	0x8e,0xaa,0x1d,0x6e,0xaf,0x61,0x0c,0x11,0x9b,0xd9,0x44,0xa0,0x0c,0x99,0x00,0x03,
	0xca,0x10,0x24,0xb4,0x42,0x07,0x99,0xd6,0x53,0x84,0x6e,0x92,0x32,0x28,0x00,0x7f,
	0x96,0x2b,0x50,0x14,0xbe,0x18,0x9c,0xda,0xea,0x3b,0xc1,0xed,0x04,0x1f,0xea,0x50,
	0x6e,0x93,0x81,0x06,0x7e,0x15,0x1a,0x14,0xe5,0xf8,0xac,0xec,0xd6,0x19,0x75,0x33,
	0x9b,0x0d,0xa6,0x21,0x3b,0x36,0xc2,0x4d,0xf9,0x9b,0x6e,0xba,0x49,0xcf,0x7b,0xde,
	0xf3,0xea,0xfb,0x9b,0x47,0x8e,0x1c,0xd1,0x27,0x3f,0xf9,0x49,0x5d,0x77,0xdd,0x75,
	0x35,0xf0,0x60,0x02,0xf0,0xc8,0xa7,0x61,0x39,0x3e,0x1e,0x44,0xe8,0xa0,0x68,0x66,
	0xea,0x78,0xa3,0x33,0xe7,0x08,0x24,0x1a,0x2b,0x76,0x2b,0x0a,0xb8,0x76,0xbb,0x5d,
	0x4f,0x32,0xb1,0x2d,0x0e,0x7a,0x02,0x28,0x89,0x9e,0x5d,0xf6,0x40,0xa3,0x3e,0xe7,
	0xdc,0x37,0x8e,0x79,0x19,0x4d,0x34,0x1d,0xdb,0x9a,0x4f,0x27,0xec,0x66,0x21,0xcd,
	0xd3,0x97,0x57,0x61,0x0c,0x30,0x18,0x0c,0x34,0x18,0x0c,0xb4,0xb6,0xb6,0x56,0x2b,
	0x94,0xd8,0x93,0x67,0x59,0xc8,0x52,0x65,0x18,0x83,0x30,0xf6,0x23,0x53,0xc9,0x36,
	0x16,0xa0,0x0c,0xc1,0xca,0xf5,0x24,0x2c,0x96,0x36,0xec,0xb6,0x9f,0x6c,0xfc,0x53,
	0xda,0x46,0x55,0xea,0x60,0x5c,0x19,0xad,0x65,0x51,0xce,0x89,0x60,0x4a,0x6c,0x83,
	0x26,0xce,0xcb,0x6c,0x9b,0x12,0x59,0x3c,0x06,0x94,0xe0,0x63,0x38,0x30,0x35,0x35,
	0xa5,0x8f,0x7d,0xec,0x63,0xf5,0x1d,0xa0,0x1b,0x6f,0xbc,0x51,0xef,0x79,0xcf,0x7b,
	0x34,0xb6,0x6e,0x4c,0xb6,0xa6,0xe9,0x8d,0x0c,0x7d,0xf9,0x8d,0x2c,0x0f,0xf8,0x2c,
	0xdc,0xd8,0x2f,0xcb,0xb2,0x5e,0x89,0x48,0x43,0xd0,0x79,0x77,0xdc,0x88,0x86,0x38,
	0x0a,0xc1,0xc0,0xad,0xd4,0xd2,0xba,0xcb,0x32,0xcc,0xf2,0xc1,0x01,0x9c,0xf8,0x4c,
	0xac,0x91,0x7a,0xc3,0xf1,0x00,0x45,0x07,0x97,0x45,0xbd,0xb8,0x2c,0x09,0xa7,0xb2,
	0xd9,0xb3,0x82,0x6d,0xa5,0xdd,0x46,0x4d,0x76,0xee,0xdc,0x59,0x31,0xb6,0x68,0x85,
	0x3d,0x5c,0xb4,0x14,0x2f,0x28,0xdb,0x1d,0x0b,0x80,0x18,0x40,0x57,0x3c,0x29,0xca,
	0x71,0x72,0x1e,0xdd,0x9d,0xa0,0x9c,0xac,0xd5,0x93,0xc5,0x1c,0x10,0x8c,0xc6,0x59,
	0x94,0xc3,0xd1,0x9c,0xc7,0x60,0x9c,0x88,0xc1,0xf0,0x6c,0x84,0x2e,0x3e,0x09,0x81,
	0x9f,0x5a,0x0b,0x6e,0xd8,0x83,0xf4,0x38,0x94,0x46,0x42,0x19,0x80,0x54,0xb0,0xfb,
	0xad,0x6f,0x7d,0xab,0xe6,0xe6,0xe6,0xd4,0x6e,0xb7,0xf5,0x9e,0xf7,0xbc,0xa7,0xde,
	0x7c,0x59,0xd8,0xb0,0x02,0xb0,0x09,0x26,0x64,0x67,0xb6,0x18,0x4f,0xe3,0x75,0xa7,
	0x83,0x2b,0x72,0xab,0xd0,0xb5,0xa5,0xd1,0x6a,0x02,0x44,0x10,0xe1,0xa7,0x56,0xb8,
	0xfd,0x88,0x3c,0x45,0x59,0x2b,0xb1,0xbb,0x5d,0xc8,0x69,0x3c,0x42,0xaf,0x93,0xdb,
	0x1d,0x1b,0xf8,0xe0,0x1b,0xe7,0x0d,0x56,0xd8,0xef,0xb6,0xa2,0x6b,0x19,0x1a,0x7d,
	0x11,0xb2,0x75,0xc2,0x18,0xd0,0xbb,0xd6,0xf1,0x78,0xac,0x4e,0xa7,0x53,0xa7,0xea,
	0xf1,0x78,0xac,0x5e,0xaf,0x57,0xb7,0xfe,0x99,0x99,0x99,0xba,0x1c,0x8e,0x2b,0x43,
	0x6b,0x5b,0x5d,0x5d,0x55,0x27,0x6c,0x3a,0x00,0xb8,0xd1,0x68,0xa4,0xd9,0xd9,0x59,
	0x0d,0x87,0x43,0xad,0xaf,0xaf,0xd7,0x60,0xb9,0x11,0x18,0x8b,0x11,0xe3,0x30,0x73,
	0x2c,0x42,0x37,0xc6,0xb8,0x14,0x10,0x65,0xeb,0x8b,0xc8,0x92,0x05,0x32,0x40,0x26,
	0xd1,0x42,0x35,0x75,0xe9,0xaa,0x06,0x83,0x41,0x3d,0xc6,0x9d,0x04,0x1a,0x3a,0x4c,
	0x4f,0x4f,0x6b,0x6d,0x6d,0x4d,0x45,0x98,0x2c,0xd1,0x00,0xc6,0xd6,0x45,0xe1,0x7c,
	0x74,0x70,0xfb,0xda,0xe1,0x16,0x5b,0x6a,0x0b,0xec,0x6e,0xef,0xfa,0xfa,0x7a,0x2d,
	0x93,0xc0,0xe4,0x3b,0x65,0xb8,0x0e,0x3e,0xf0,0x07,0x7b,0x56,0x1f,0xa0,0xca,0x1a,
	0x6d,0xb3,0xd9,0xac,0x03,0x32,0xb5,0xa0,0x4a,0xc3,0xd0,0x82,0x7f,0xc9,0xaa,0x42,
	0x83,0xc8,0xf3,0xfc,0x47,0xc6,0xdc,0xe8,0x40,0x20,0x12,0xb0,0xe3,0x30,0xbc,0x72,
	0xdb,0xdc,0x7e,0xee,0x4b,0x13,0x0b,0x0a,0x59,0x90,0xc0,0x4f,0x1e,0xf3,0x98,0xc7,
	0x54,0xcd,0x66,0xb3,0xde,0xb9,0x5a,0x86,0xc1,0xee,0xfa,0xfa,0xba,0x5a,0x61,0x61,
	0x97,0x6e,0xb5,0x17,0x1e,0x97,0x24,0x5b,0x78,0x40,0xf0,0x39,0x0e,0x19,0x8c,0x0c,
	0xa2,0xe0,0xf0,0xd1,0x68,0xa4,0xd1,0x68,0xa4,0x22,0x64,0x4c,0x07,0xb8,0x11,0xb6,
	0x70,0x7b,0x96,0x02,0x88,0x6e,0xb7,0x5b,0x67,0x90,0xd2,0xee,0x9b,0xd2,0x40,0x3c,
	0xf8,0x68,0x55,0x38,0x11,0xfd,0xd2,0x68,0x26,0x4e,0x0b,0x97,0x65,0x18,0xf8,0x53,
	0x1e,0x67,0x13,0xfc,0xf0,0x03,0x74,0xec,0x23,0x88,0xb9,0xe6,0x32,0xdd,0x16,0xf8,
	0x39,0x56,0x45,0x58,0x2b,0x73,0x87,0xe0,0xcc,0x24,0x64,0x29,0xce,0x81,0xbb,0x67,
	0x2d,0xf4,0xc2,0x1e,0xb0,0xa8,0x42,0x23,0x52,0x08,0x06,0xf4,0x80,0xb0,0x13,0xfb,
	0xf2,0xf0,0x72,0x52,0xf4,0x56,0x58,0x21,0xa0,0x4c,0x8c,0x15,0x8d,0x15,0x3e,0x55,
	0xb4,0xcc,0xd3,0x0a,0x9b,0x39,0x9a,0x61,0x38,0x45,0x7d,0x78,0x52,0x2e,0x4d,0x53,
	0x65,0xdb,0xb6,0x6d,0xdb,0xe3,0x4a,0x12,0x28,0x49,0x88,0xe2,0x46,0x48,0xfd,0xbd,
	0x5e,0x4f,0xed,0x76,0x5b,0xa3,0xf0,0x40,0x89,0x42,0x2b,0x18,0x0e,0x87,0x75,0xf0,
	0x66,0x59,0xa6,0xe1,0x70,0x58,0xdf,0xd2,0xeb,0xda,0x5f,0x3e,0x14,0xd6,0x4d,0x34,
	0x43,0x06,0x42,0x89,0x2a,0x64,0x09,0x9c,0xd7,0x0d,0xdb,0xbf,0x29,0xeb,0x2f,0xce,
	0xe4,0x7c,0x61,0x83,0x7c,0x07,0x00,0x67,0x10,0x20,0x00,0x45,0x99,0xba,0xe5,0x19,
	0x80,0x94,0xe3,0x80,0x1c,0x97,0x2a,0xba,0x85,0x44,0x7d,0x1a,0x17,0xbc,0x58,0x0b,
	0x85,0x17,0x7a,0x60,0x3f,0xdd,0x23,0x0e,0x25,0x73,0x25,0xc1,0x61,0xcd,0x66,0xb3,
	0x5e,0x4a,0x81,0xc8,0x7e,0xa9,0x0d,0x2f,0xc8,0x46,0x4d,0xdb,0x3d,0xee,0x78,0xc2,
	0x93,0xc0,0x75,0x9c,0xd0,0x8b,0x80,0x76,0xf2,0x00,0xa7,0xbc,0xa2,0x55,0x04,0x64,
	0x41,0xd8,0xea,0xc9,0x09,0x0c,0x08,0x40,0x1a,0x78,0x15,0xb2,0x2c,0xbe,0xca,0xb6,
	0x6e,0xdd,0xba,0x07,0x20,0x70,0x1c,0x0a,0x34,0xc2,0x82,0xac,0x2c,0xc3,0x34,0x1a,
	0x8d,0x3a,0x3b,0xa6,0x21,0xda,0x7d,0x70,0x0b,0x18,0xad,0xf0,0xba,0x06,0x0c,0x9c,
	0x9a,0x9a,0x52,0x6a,0xb7,0xcf,0x50,0x02,0xd9,0xa9,0xed,0xc2,0xc5,0x28,0x78,0x55,
	0x55,0xa5,0xf5,0xf5,0xf5,0xda,0xd1,0x0e,0x10,0x8e,0x48,0x43,0x17,0x80,0x91,0x1c,
	0x0a,0x60,0x71,0x0b,0xcf,0xc1,0x28,0x2c,0x53,0x56,0xd1,0x3a,0x16,0xf5,0x08,0x1e,
	0x97,0x97,0x84,0x86,0x5a,0x84,0xcd,0x0f,0x04,0xa5,0x42,0x0f,0xc0,0x41,0xf0,0xca,
	0xd6,0xe5,0x1a,0xd1,0x2d,0x29,0x86,0x2c,0xe8,0xe2,0x99,0x8e,0xba,0x69,0xe8,0x36,
	0xdb,0x61,0x0f,0x25,0x01,0x04,0x9e,0xd8,0x8c,0x6e,0x4d,0x7b,0x6e,0x5b,0x13,0x32,
	0x62,0x33,0x64,0x75,0x49,0x9a,0x9d,0x9d,0xad,0x31,0x00,0xc3,0x98,0x3f,0x81,0x44,
	0x7d,0xae,0x17,0x96,0xad,0x59,0x49,0x89,0xfd,0xe0,0x8d,0x0d,0x1e,0x24,0xa5,0x6e,
	0xb7,0xab,0xec,0xf4,0xd3,0x4f,0xdf,0x23,0x7b,0xbe,0x62,0x1c,0x52,0x79,0xaf,0xd7,
	0x53,0x19,0x66,0x61,0x04,0x1e,0x4a,0x75,0x3a,0x9d,0x3a,0xc2,0x8b,0x30,0x79,0x21,
	0x08,0x60,0xce,0x6f,0x40,0x44,0x99,0xca,0x16,0x26,0x15,0x02,0x35,0x49,0x92,0x5a,
	0x1e,0x65,0xb9,0xde,0x0c,0x5d,0x84,0x07,0x1e,0xd7,0x92,0xb0,0xf0,0x0a,0x5f,0x07,
	0xcc,0xcb,0x24,0xb6,0xe5,0x0b,0xaa,0x2c,0x40,0x13,0xcb,0x66,0x80,0x84,0xc3,0x28,
	0x33,0x0e,0x63,0xe3,0x51,0xb8,0x13,0x84,0x3c,0xae,0x51,0x0e,0xbe,0x38,0x09,0xf9,
	0x9c,0x2f,0x26,0x3c,0x62,0x30,0x1c,0x0e,0x95,0x85,0x8c,0x54,0x44,0xef,0x94,0x29,
	0xc3,0xf8,0x35,0x0e,0x4a,0xd9,0x04,0x0b,0x42,0x06,0xba,0x80,0xa7,0xa2,0xae,0x1d,
	0xdd,0x91,0x2f,0xc3,0xa0,0xb0,0x2c,0x0f,0x4f,0x45,0xcb,0x33,0xfe,0x5d,0xa1,0x81,
	0x60,0x0f,0x3a,0x2b,0x8c,0xd3,0xab,0xd0,0xb0,0x93,0xe8,0xad,0x66,0x59,0xc8,0xca,
	0xc9,0xe3,0x1e,0xf7,0xb8,0x0a,0x07,0x97,0x65,0x59,0xdf,0xe5,0xa0,0xfb,0x84,0xe1,
	0x70,0x38,0xdc,0xb4,0xd8,0xdc,0x6c,0x36,0x37,0x3d,0x9e,0xd9,0x0c,0x5d,0x11,0x4a,
	0xe1,0xcc,0xb1,0xfd,0xf1,0x1d,0x81,0xa2,0xb0,0x49,0x35,0x0d,0x5d,0x46,0x1c,0x18,
	0x0a,0xe0,0x35,0xc3,0xd8,0x6a,0x38,0x1c,0xd6,0x81,0x08,0xc0,0x65,0xb4,0xcd,0x88,
	0xf3,0x00,0x34,0x0a,0x93,0x1f,0x1c,0xc8,0x44,0xa3,0x8a,0x9e,0xe5,0x28,0x6d,0x1c,
	0xd3,0x0c,0xdd,0x99,0x5f,0x43,0x1f,0x77,0x5e,0x16,0xfd,0xe3,0x23,0xfa,0x20,0x9f,
	0x86,0x0a,0xa1,0x27,0x72,0x2a,0x1b,0x47,0x11,0x54,0x95,0x75,0xf1,0x04,0x0b,0x04,
	0x6f,0x1c,0x0d,0x4f,0xe7,0x45,0x10,0xd3,0xb8,0xb1,0x01,0x8c,0x15,0xba,0x57,0x92,
	0x85,0x0c,0x6b,0xe4,0x97,0x61,0x88,0x44,0x52,0xc8,0xc3,0x44,0x2b,0x8b,0x26,0x1f,
	0xf8,0x2b,0x0f,0x8f,0x53,0x80,0xb9,0xfb,0x37,0xcb,0x32,0xf5,0xc3,0x43,0xed,0x34,
	0x38,0xea,0x79,0x32,0xcb,0x4e,0x39,0xe5,0x94,0x3d,0xa5,0xad,0x03,0x36,0xec,0x29,
	0x2f,0xba,0x3c,0x85,0x4c,0x55,0xda,0x0c,0x0c,0xe6,0x94,0xc1,0x91,0x6c,0x66,0x28,
	0x6d,0xe6,0x39,0x3b,0x3b,0xbb,0x49,0x19,0x02,0x72,0x76,0x76,0xb6,0x56,0x0a,0x10,
	0x68,0xf9,0xdc,0xb8,0x1f,0x8d,0x46,0xf5,0x30,0x00,0x27,0xb5,0xc2,0x26,0x57,0x74,
	0xc5,0x09,0xb4,0x2e,0x78,0xd2,0x02,0x69,0x20,0x38,0x85,0x40,0x19,0x85,0x3b,0x3f,
	0x9c,0xa3,0xd1,0xe0,0x5c,0x0f,0x82,0x34,0x64,0x57,0x0f,0x10,0x1c,0x83,0x4e,0xc8,
	0x9f,0x99,0x99,0x51,0x3b,0x3c,0xce,0x30,0x35,0x35,0x55,0x0f,0x53,0x12,0xeb,0xbe,
	0x64,0x33,0x66,0x32,0xa8,0xeb,0xe6,0x3a,0xd0,0x8d,0x29,0xd8,0xc6,0x78,0x99,0x46,
	0x40,0x19,0x74,0x82,0x8f,0xeb,0x0f,0x56,0xcc,0x78,0x9d,0x17,0xfe,0x23,0x50,0x14,
	0xb0,0xa6,0xc1,0x66,0xf6,0xb4,0x9b,0x6c,0xfc,0x47,0x10,0x25,0xa1,0x27,0xe4,0x7b,
	0x1a,0xe2,0xc8,0x83,0x1a,0x3e,0xf0,0xa5,0xfc,0xff,0x01,0x55,0x25,0x67,0x1d,0x43,
	0x24,0x81,0xf7,0x00,0x00,0x00,0x00,0x49,0x45,0x4e,0x44,0xae,0x42,0x60,0x82};
